[{"model": "admin.logentry", "pk": 841, "fields": {"action_time": "2022-04-28T10:55:14.783Z", "user": 68, "content_type": 14, "object_id": "97", "object_repr": "Сеанс от 2022-04-29-13:55:03", "action_flag": 1, "change_message": "[{\"added\": {}}]"}}, {"model": "admin.logentry", "pk": 842, "fields": {"action_time": "2022-04-28T10:55:23.785Z", "user": 68, "content_type": 14, "object_id": "98", "object_repr": "Сеанс от 2022-04-29-14:55:03", "action_flag": 1, "change_message": "[{\"added\": {}}]"}}, {"model": "admin.logentry", "pk": 843, "fields": {"action_time": "2022-04-28T10:55:44.941Z", "user": 68, "content_type": 14, "object_id": "99", "object_repr": "Сеанс от 2022-04-29-18:00:03", "action_flag": 1, "change_message": "[{\"added\": {}}]"}}, {"model": "admin.logentry", "pk": 844, "fields": {"action_time": "2022-04-28T10:56:06.314Z", "user": 68, "content_type": 14, "object_id": "100", "object_repr": "Сеанс от 2022-04-28-22:00:03", "action_flag": 1, "change_message": "[{\"added\": {}}]"}}, {"model": "admin.logentry", "pk": 845, "fields": {"action_time": "2022-04-28T10:56:14.842Z", "user": 68, "content_type": 14, "object_id": "101", "object_repr": "Сеанс от 2022-04-28-22:30:03", "action_flag": 1, "change_message": "[{\"added\": {}}]"}}, {"model": "admin.logentry", "pk": 846, "fields": {"action_time": "2022-04-28T10:57:03.024Z", "user": 68, "content_type": 14, "object_id": "102", "object_repr": "Сеанс от 2022-04-29-12:50:47", "action_flag": 1, "change_message": "[{\"added\": {}}]"}}, {"model": "admin.logentry", "pk": 847, "fields": {"action_time": "2022-04-28T10:57:08.213Z", "user": 68, "content_type": 14, "object_id": "103", "object_repr": "Сеанс от 2022-04-29-12:50:47", "action_flag": 1, "change_message": "[{\"added\": {}}]"}}, {"model": "admin.logentry", "pk": 848, "fields": {"action_time": "2022-04-28T10:57:15.461Z", "user": 68, "content_type": 14, "object_id": "104", "object_repr": "Сеанс от 2022-04-29-13:57:14", "action_flag": 1, "change_message": "[{\"added\": {}}]"}}, {"model": "admin.logentry", "pk": 849, "fields": {"action_time": "2022-04-28T10:57:27.331Z", "user": 68, "content_type": 14, "object_id": "105", "object_repr": "Сеанс от 2022-04-29-22:50:14", "action_flag": 1, "change_message": "[{\"added\": {}}]"}}, {"model": "admin.logentry", "pk": 850, "fields": {"action_time": "2022-04-28T10:57:55.830Z", "user": 68, "content_type": 14, "object_id": "106", "object_repr": "Сеанс от 2022-04-29-22:00:14", "action_flag": 1, "change_message": "[{\"added\": {}}]"}}, {"model": "admin.logentry", "pk": 851, "fields": {"action_time": "2022-04-28T10:58:04.422Z", "user": 68, "content_type": 14, "object_id": "107", "object_repr": "Сеанс от 2022-04-29-21:00:14", "action_flag": 1, "change_message": "[{\"added\": {}}]"}}, {"model": "admin.logentry", "pk": 852, "fields": {"action_time": "2022-04-28T10:58:09.382Z", "user": 68, "content_type": 14, "object_id": "108", "object_repr": "Сеанс от 2022-04-30-21:00:14", "action_flag": 1, "change_message": "[{\"added\": {}}]"}}, {"model": "admin.logentry", "pk": 853, "fields": {"action_time": "2022-04-28T10:58:18.159Z", "user": 68, "content_type": 14, "object_id": "109", "object_repr": "Сеанс от 2022-04-30-21:30:14", "action_flag": 1, "change_message": "[{\"added\": {}}]"}}, {"model": "admin.logentry", "pk": 854, "fields": {"action_time": "2022-04-28T10:58:49.821Z", "user": 68, "content_type": 14, "object_id": "110", "object_repr": "Сеанс от 2022-04-30-20:30:14", "action_flag": 1, "change_message": "[{\"added\": {}}]"}}, {"model": "admin.logentry", "pk": 855, "fields": {"action_time": "2022-04-28T10:58:58.278Z", "user": 68, "content_type": 14, "object_id": "111", "object_repr": "Сеанс от 2022-04-30-20:30:14", "action_flag": 1, "change_message": "[{\"added\": {}}]"}}, {"model": "admin.logentry", "pk": 856, "fields": {"action_time": "2022-04-28T11:15:33.963Z", "user": 68, "content_type": 14, "object_id": "112", "object_repr": "Сеанс от 2022-04-28-22:30:14", "action_flag": 1, "change_message": "[{\"added\": {}}]"}}, {"model": "admin.logentry", "pk": 857, "fields": {"action_time": "2022-04-28T11:15:43.929Z", "user": 68, "content_type": 14, "object_id": "113", "object_repr": "Сеанс от 2022-04-28-23:30:14", "action_flag": 1, "change_message": "[{\"added\": {}}]"}}, {"model": "admin.logentry", "pk": 858, "fields": {"action_time": "2022-04-28T11:15:51.773Z", "user": 68, "content_type": 14, "object_id": "114", "object_repr": "Сеанс от 2022-04-28-23:30:14", "action_flag": 1, "change_message": "[{\"added\": {}}]"}}, {"model": "admin.logentry", "pk": 859, "fields": {"action_time": "2022-04-28T11:16:21.572Z", "user": 68, "content_type": 14, "object_id": "115", "object_repr": "Сеанс от 2022-04-28-23:40:14", "action_flag": 1, "change_message": "[{\"added\": {}}]"}}, {"model": "admin.logentry", "pk": 860, "fields": {"action_time": "2022-04-28T11:16:44.796Z", "user": 68, "content_type": 14, "object_id": "116", "object_repr": "Сеанс от 2022-04-30-23:40:14", "action_flag": 1, "change_message": "[{\"added\": {}}]"}}, {"model": "admin.logentry", "pk": 861, "fields": {"action_time": "2022-04-28T11:16:52.537Z", "user": 68, "content_type": 14, "object_id": "117", "object_repr": "Сеанс от 2022-04-30-22:40:14", "action_flag": 1, "change_message": "[{\"added\": {}}]"}}, {"model": "admin.logentry", "pk": 862, "fields": {"action_time": "2022-04-28T11:17:03.351Z", "user": 68, "content_type": 14, "object_id": "118", "object_repr": "Сеанс от 2022-04-30-23:45:14", "action_flag": 1, "change_message": "[{\"added\": {}}]"}}, {"model": "admin.logentry", "pk": 863, "fields": {"action_time": "2022-04-28T11:17:21.756Z", "user": 68, "content_type": 14, "object_id": "119", "object_repr": "Сеанс от 2022-05-01-12:00:08", "action_flag": 1, "change_message": "[{\"added\": {}}]"}}, {"model": "admin.logentry", "pk": 864, "fields": {"action_time": "2022-04-28T11:17:35.211Z", "user": 68, "content_type": 14, "object_id": "120", "object_repr": "Сеанс от 2022-05-01-12:30:08", "action_flag": 1, "change_message": "[{\"added\": {}}]"}}, {"model": "admin.logentry", "pk": 865, "fields": {"action_time": "2022-04-28T11:17:46.081Z", "user": 68, "content_type": 14, "object_id": "121", "object_repr": "Сеанс от 2022-05-01-14:00:38", "action_flag": 1, "change_message": "[{\"added\": {}}]"}}, {"model": "admin.logentry", "pk": 866, "fields": {"action_time": "2022-04-28T11:17:53.695Z", "user": 68, "content_type": 14, "object_id": "122", "object_repr": "Сеанс от 2022-05-01-14:30:38", "action_flag": 1, "change_message": "[{\"added\": {}}]"}}, {"model": "admin.logentry", "pk": 867, "fields": {"action_time": "2022-04-28T11:19:17.061Z", "user": 68, "content_type": 14, "object_id": "123", "object_repr": "Сеанс от 2022-05-01-16:30:38", "action_flag": 1, "change_message": "[{\"added\": {}}]"}}, {"model": "admin.logentry", "pk": 868, "fields": {"action_time": "2022-04-28T11:19:24.600Z", "user": 68, "content_type": 14, "object_id": "124", "object_repr": "Сеанс от 2022-05-01-20:30:38", "action_flag": 1, "change_message": "[{\"added\": {}}]"}}, {"model": "admin.logentry", "pk": 869, "fields": {"action_time": "2022-04-28T11:19:30.282Z", "user": 68, "content_type": 14, "object_id": "125", "object_repr": "Сеанс от 2022-05-01-22:30:38", "action_flag": 1, "change_message": "[{\"added\": {}}]"}}, {"model": "admin.logentry", "pk": 870, "fields": {"action_time": "2022-04-28T11:20:00.797Z", "user": 68, "content_type": 14, "object_id": "126", "object_repr": "Сеанс от 2022-05-02-10:30:38", "action_flag": 1, "change_message": "[{\"added\": {}}]"}}, {"model": "admin.logentry", "pk": 871, "fields": {"action_time": "2022-04-28T11:20:08.880Z", "user": 68, "content_type": 14, "object_id": "127", "object_repr": "Сеанс от 2022-05-02-10:40:38", "action_flag": 1, "change_message": "[{\"added\": {}}]"}}, {"model": "admin.logentry", "pk": 872, "fields": {"action_time": "2022-04-28T11:20:17.527Z", "user": 68, "content_type": 14, "object_id": "128", "object_repr": "Сеанс от 2022-05-02-14:40:38", "action_flag": 1, "change_message": "[{\"added\": {}}]"}}, {"model": "admin.logentry", "pk": 873, "fields": {"action_time": "2022-04-28T11:20:23.211Z", "user": 68, "content_type": 14, "object_id": "129", "object_repr": "Сеанс от 2022-05-02-14:40:38", "action_flag": 1, "change_message": "[{\"added\": {}}]"}}, {"model": "admin.logentry", "pk": 874, "fields": {"action_time": "2022-04-28T11:20:34.927Z", "user": 68, "content_type": 14, "object_id": "130", "object_repr": "Сеанс от 2022-05-02-14:20:26", "action_flag": 1, "change_message": "[{\"added\": {}}]"}}, {"model": "contenttypes.contenttype", "pk": 1, "fields": {"app_label": "admin", "model": "logentry"}}, {"model": "contenttypes.contenttype", "pk": 2, "fields": {"app_label": "auth", "model": "permission"}}, {"model": "contenttypes.contenttype", "pk": 3, "fields": {"app_label": "auth", "model": "group"}}, {"model": "contenttypes.contenttype", "pk": 4, "fields": {"app_label": "contenttypes", "model": "contenttype"}}, {"model": "contenttypes.contenttype", "pk": 5, "fields": {"app_label": "sessions", "model": "session"}}, {"model": "contenttypes.contenttype", "pk": 6, "fields": {"app_label": "user", "model": "town"}}, {"model": "contenttypes.contenttype", "pk": 7, "fields": {"app_label": "user", "model": "user"}}, {"model": "contenttypes.contenttype", "pk": 8, "fields": {"app_label": "cms", "model": "backgroundbanner"}}, {"model": "contenttypes.contenttype", "pk": 9, "fields": {"app_label": "cms", "model": "gallery"}}, {"model": "contenttypes.contenttype", "pk": 10, "fields": {"app_label": "cms", "model": "halls"}}, {"model": "contenttypes.contenttype", "pk": 11, "fields": {"app_label": "cms", "model": "homepagebanner"}}, {"model": "contenttypes.contenttype", "pk": 12, "fields": {"app_label": "cms", "model": "movies"}}, {"model": "contenttypes.contenttype", "pk": 13, "fields": {"app_label": "cms", "model": "promotionspagebanner"}}, {"model": "contenttypes.contenttype", "pk": 14, "fields": {"app_label": "cms", "model": "seance"}}, {"model": "contenttypes.contenttype", "pk": 15, "fields": {"app_label": "cms", "model": "seoblock"}}, {"model": "contenttypes.contenttype", "pk": 16, "fields": {"app_label": "cms", "model": "ticket"}}, {"model": "contenttypes.contenttype", "pk": 17, "fields": {"app_label": "cms", "model": "page"}}, {"model": "contenttypes.contenttype", "pk": 18, "fields": {"app_label": "cms", "model": "images"}}, {"model": "contenttypes.contenttype", "pk": 19, "fields": {"app_label": "cms", "model": "homepage"}}, {"model": "contenttypes.contenttype", "pk": 20, "fields": {"app_label": "cms", "model": "contactspage"}}, {"model": "contenttypes.contenttype", "pk": 21, "fields": {"app_label": "cms", "model": "cinema"}}, {"model": "contenttypes.contenttype", "pk": 22, "fields": {"app_label": "cms", "model": "events"}}, {"model": "contenttypes.contenttype", "pk": 23, "fields": {"app_label": "cms", "model": "carouselbanner"}}, {"model": "contenttypes.contenttype", "pk": 24, "fields": {"app_label": "cms", "model": "client"}}, {"model": "contenttypes.contenttype", "pk": 25, "fields": {"app_label": "cms", "model": "templatesmailing"}}, {"model": "sessions.session", "pk": "03v4lmlaif7yiuqcjq9xt5axhwz18ldn", "fields": {"session_data": "e30:1nVIC2:mj5f4CPXc7l6n_WBnxMt0fB_wv5OxOxXySRCsXSP9zQ", "expire_date": "2022-04-01T19:23:22.485Z"}}, {"model": "sessions.session", "pk": "0uoywhykhhhrrsfz147k96zg80fqiraq", "fields": {"session_data": "eyJfbGFuZ3VhZ2UiOiJydSJ9:1nbggX:2tJ2knyqtAyvDnyu3LcqujJNTJfDj7RtpDboXc9BDfY", "expire_date": "2022-04-19T10:45:17.211Z"}}, {"model": "sessions.session", "pk": "1iwh8wdk12r2yo4wrgg9dswg7bl30vpx", "fields": {"session_data": ".eJxVjDsOwyAQBe9CHaEVGHZJmT5nQLALwUlkS_5UVu4eW3KRtG9m3qZiWpcW17lMsRd1VQ7U5XfMiV9lOIg80_AYNY_DMvVZH4o-6azvo5T37XT_Dlqa214DW4ueCYqRQAwViJy3rrPQBVOBO6wCkoW4phAQApIlMOgd7p5Xny_iJzal:1nWN4d:l04EbUd-KO0mMgi97Rr2H7WQ8BLFc0tf5V6BYLBau78", "expire_date": "2022-04-04T18:48:11.287Z"}}, {"model": "sessions.session", "pk": "1y0l573eyp9peu3uvhaul86geig1l5y0", "fields": {"session_data": ".eJxVjDsOwyAQBe9CHaEVGHZJmT5nQLALwUlkS_5UVu4eW3KRtG9m3qZiWpcW17lMsRd1VQ7U5XfMiV9lOIg80_AYNY_DMvVZH4o-6azvo5T37XT_Dlqa214DW4ueCYqRQAwViJy3rrPQBVOBO6wCkoW4phAQApIlMOgd7p5Xny_iJzal:1niDV2:l_j9rCPsGwj9636AxZS7OO2hzmj3X65qljspK1g537Q", "expire_date": "2022-05-07T11:00:24.646Z"}}, {"model": "sessions.session", "pk": "21iu4spxb5mgtzkbyp4n0jiukjo3567o", "fields": {"session_data": "e30:1niLfK:5FW_VAF8Z7mrYMBhofgQPeAdsN8Wcf6Wv-IUYngTwLY", "expire_date": "2022-05-07T19:43:34.735Z"}}, {"model": "sessions.session", "pk": "347axo5rbuw5uacm7ys63376d5n0ifp0", "fields": {"session_data": "e30:1njMIr:vHxUNyWm6dRe-cJ-GtxhRISlMrHf3_NKJh-xBZamywU", "expire_date": "2022-05-10T14:36:33.837Z"}}, {"model": "sessions.session", "pk": "3i9hl2rcczd9rtqh7u244bviry6spci6", "fields": {"session_data": ".eJxVjDsOwyAQBe9CHaEVGHZJmT5nQLALwUlkS_5UVu4eW3KRtG9m3qZiWpcW17lMsRd1VQ7U5XfMiV9lOIg80_AYNY_DMvVZH4o-6azvo5T37XT_Dlqa214DW4ueCYqRQAwViJy3rrPQBVOBO6wCkoW4phAQApIlMOgd7p5Xny_iJzal:1nBPYB:1vVTgay-Yw2MffuMEQrJq43djIvfs3bdUn8Pw5GFJn0", "expire_date": "2022-02-05T23:12:03.852Z"}}, {"model": "sessions.session", "pk": "414y8xpctlcl1woxvcjej2a4wg8tqzy0", "fields": {"session_data": ".eJxVjDsOwyAQBe9CHaEVGHZJmT5nQLALwUlkS_5UVu4eW3KRtG9m3qZiWpcW17lMsRd1VQ7U5XfMiV9lOIg80_AYNY_DMvVZH4o-6azvo5T37XT_Dlqa214DW4ueCYqRQAwViJy3rrPQBVOBO6wCkoW4phAQApIlMOgd7p5Xny_iJzal:1niLqR:ZWQvJo0qBf-ChJuZsv__N6e8e9LeD3BAuFn_IafK834", "expire_date": "2022-05-07T19:55:03.375Z"}}, {"model": "sessions.session", "pk": "62706jm5nncethlpfm0ackcsk054qffs", "fields": {"session_data": "e30:1nToff:zYtK0Pbk2r2E6r55DQ0dopyjDFSVwiykmf58MEFB44E", "expire_date": "2022-03-28T17:39:51.866Z"}}, {"model": "sessions.session", "pk": "6e9oklx1xz2uijv4o11r4lfbsocu4ruk", "fields": {"session_data": ".eJxVjDsOwyAQBe9CHaEVGHZJmT5nQLALwUlkS_5UVu4eW3KRtG9m3qZiWpcW17lMsRd1VQ7U5XfMiV9lOIg80_AYNY_DMvVZH4o-6azvo5T37XT_Dlqa214DW4ueCYqRQAwViJy3rrPQBVOBO6wCkoW4phAQApIlMOgd7p5Xny_iJzal:1nJBYn:nwqv88WFaGRSdMB6mSFFGJzTwizAmAXfXXi1SrMKp0U", "expire_date": "2022-02-27T09:52:49.340Z"}}, {"model": "sessions.session", "pk": "6gcugjx06w2rxrxr8vk4ybba8po6e9nq", "fields": {"session_data": ".eJxVjsEOgyAQRP-Fc0M2IrD02Hu_weAuqK2RBORk-u_FxEN7nXnzMocYfN3noZaQh4XFXWgQt99w9PQO29nwy29TkpS2PS-jPBF5tUU-E4f1cbF_gtmXua2BlLKGEELHDgkiIGqjdK-gd10E6m1k4JGRonfOgrOoEDprtG2cOaVrO1D9FJouV_H5ArJYPB0:1neanz:-noFN1-UzFV7xOdNAo2tJtkeQZ09chw-tElCGsKPzAo", "expire_date": "2022-04-27T11:04:59.182Z"}}, {"model": "sessions.session", "pk": "7lw60nbxim84nksplkiicvqlursi8013", "fields": {"session_data": "e30:1nTobN:gHZ3OQRlNSrHpHK2gVtxHAvVJ6ylousdsQsDRS-AQRk", "expire_date": "2022-03-28T17:35:25.462Z"}}, {"model": "sessions.session", "pk": "7nk36pd1ey5ldiguigz1jjbc824cc2n0", "fields": {"session_data": ".eJxVjEEOwiAQRe_C2hAG6cC4dO8ZCDAgVUOT0q6Md7dNutDtf-_9t_BhXapfe579yOIiQIvT7xhDeua2E36Edp9kmtoyj1Huijxol7eJ8-t6uH8HNfS61aSMZlJFgbLaupIQbSyGM1lCCFYDkbPmDBSxbMANqFAlpoIEegDx-QLW_zap:1n9Tga:BWLw84qEbyIQ9JjQU3t_3OJCsNa9UoWKAYIyybVzImg", "expire_date": "2022-01-31T15:12:44.091Z"}}, {"model": "sessions.session", "pk": "7uvc67jbewoc2b95r262l8tqm22rssgo", "fields": {"session_data": "e30:1n71Wy:QOsU1zxCE1Ap2PLs-O4FY07IP5Fe0-akyeOVkH3FcWU", "expire_date": "2022-01-24T20:44:40.858Z"}}, {"model": "sessions.session", "pk": "8vrt7c534tkompb2sotw9zrh93i6azib", "fields": {"session_data": "e30:1n71WC:o39Y4FfcBORxngW3RohRiqCpFpypInja_e1VFcM3pMc", "expire_date": "2022-01-24T20:43:52.833Z"}}, {"model": "sessions.session", "pk": "8xcc5fm0aw8p4fl8cim9pjqclj7ckkko", "fields": {"session_data": ".eJxVjsEOgyAQRP-Fc0M2ILD02Hu_weAuqNVoInJq-u-FxEN7nXnzMm_Rh3JOfcnx6GcWd2FA3H7DIdASt9bwK2zjLmnfzmMeZEPk1Wb53Dmuj4v9E0whT3UNpLWzhBAVeyRIgGisNp2GzqsE1LnEwAMjpeC9A-9QIyhnjaucbdK1HihhjFVXFvH5ArJGPBY:1nkAmC:DsaePcJrZCBHGU2VcxE3jq99wldrD_pNCxfwjO8gV38", "expire_date": "2022-05-12T20:30:12.336Z"}}, {"model": "sessions.session", "pk": "91j58jgkpmklmenq8gwif7w3el05hphg", "fields": {"session_data": "e30:1nToTq:Y0jDj-SAih1ZUyOedu3_LbkUc0xC0z4Ncgfdgo8OXQ0", "expire_date": "2022-03-28T17:27:38.995Z"}}, {"model": "sessions.session", "pk": "9ks3jf6ak44i1vtpzrqmgyshbl1s3e1p", "fields": {"session_data": "e30:1nToVj:m8_iuV0X8Wh1lEqdkoy0tC4cJGBIqu1RN66mX5JUOoE", "expire_date": "2022-03-28T17:29:35.460Z"}}, {"model": "sessions.session", "pk": "a0x32j4poxi0l0hdzbqeb727hz72kicw", "fields": {"session_data": "e30:1nVIDm:8W7cueVI00ON-eJAQmIbMmbt1RTenUAj8Oj9Ptf-R2s", "expire_date": "2022-04-01T19:25:10.526Z"}}, {"model": "sessions.session", "pk": "ardrk02yg7hyr7zqu1vlr5wfy88durtm", "fields": {"session_data": ".eJxVjEEOgyAQRe_CuiETERi67L5nIDgDajWQqKya3r2YuHH7_nv_K_wa8ljDGMVT1EU8hA_1mHzd4-ZnblDDHQ6BlpjPhT8tLZJKPrZ5kKcir3WX78JxfV3u7WAK-9RqIKWsIYTYsUOCBIjaKN0r6F2XgHqbGHhgpBScs-AsKoTOGm2bZ8TvD8FpPBY:1nf1xk:DkwDPkZLm_sHQOSBiNPr0ZXSZaoh2_tMAm_iyrqfiAM", "expire_date": "2022-04-28T16:04:52.957Z"}}, {"model": "sessions.session", "pk": "ezel3oqu9yurx1b1krghbxkmnzg13u3z", "fields": {"session_data": ".eJxVjDsOwyAQBe9CHaEVGHZJmT5nQLALwUlkS_5UVu4eW3KRtG9m3qZiWpcW17lMsRd1VQ7U5XfMiV9lOIg80_AYNY_DMvVZH4o-6azvo5T37XT_Dlqa214DW4ueCYqRQAwViJy3rrPQBVOBO6wCkoW4phAQApIlMOgd7p5Xny_iJzal:1nBl7s:_s7dKnOjLlqdy61JGZEUhLSNdnEhQwwPK0xpWI_YVFU", "expire_date": "2022-02-06T22:14:20.258Z"}}, {"model": "sessions.session", "pk": "f8y0wiz679vey9xkqga21sli9102jc2y", "fields": {"session_data": "e30:1nVI5a:Co8H3CTGmndXqND7ODxSgdx5lfEW641YzKiBXeo7Few", "expire_date": "2022-04-01T19:16:42.935Z"}}, {"model": "sessions.session", "pk": "fv5xsk8fzj34biesj8zh4t157uqk6j8n", "fields": {"session_data": ".eJxVjDsOwyAQBe9CHaEVGHZJmT5nQLALwUlkS_5UVu4eW3KRtG9m3qZiWpcW17lMsRd1VQ7U5XfMiV9lOIg80_AYNY_DMvVZH4o-6azvo5T37XT_Dlqa214DW4ueCYqRQAwViJy3rrPQBVOBO6wCkoW4phAQApIlMOgd7p5Xny_iJzal:1nJYQF:bATj-Xb7lCbSpz6wfdBUukCmMTd_qaf9aW7slXtRRTY", "expire_date": "2022-02-28T10:17:31.851Z"}}, {"model": "sessions.session", "pk": "gy7acblcxaeui5e6frf5ovzqshzrpd6n", "fields": {"session_data": "e30:1nToeP:WUvHBW06cVhK9nKqaUNBWRumRfRvNH0oY8EayNxiQF0", "expire_date": "2022-03-28T17:38:33.633Z"}}, {"model": "sessions.session", "pk": "hhuf1vlg6866sriwxq1mt2hkhj13uqte", "fields": {"session_data": ".eJxVjDsOwyAQBe9CHaEVGHZJmT5nQLALwUlkS_5UVu4eW3KRtG9m3qZiWpcW17lMsRd1VQ7U5XfMiV9lOIg80_AYNY_DMvVZH4o-6azvo5T37XT_Dlqa214DW4ueCYqRQAwViJy3rrPQBVOBO6wCkoW4phAQApIlMOgd7p5Xny_iJzal:1nOQqV:Ls7Qxrl4NVXeKC__CO-4MoCiLju3yFUUS2hdKPJgXA0", "expire_date": "2022-03-13T21:12:47.016Z"}}, {"model": "sessions.session", "pk": "ivvy4ix7jmvvosyeqa10z55vywfx8ukh", "fields": {"session_data": "e30:1nVICc:gX0mUznXgjaYF52ct7_06AA63HzM3oiXJh7q56SKy58", "expire_date": "2022-04-01T19:23:58.027Z"}}, {"model": "sessions.session", "pk": "kv57vm0utv4ksxmoixf9cnith9cvpiun", "fields": {"session_data": "e30:1nTod5:FNs8_tV_gImhFVH6M2dCgqZBTqfh9IPDxuU-SG8kemE", "expire_date": "2022-03-28T17:37:11.010Z"}}, {"model": "sessions.session", "pk": "lenf7x8tay164dzlztpz9rxgdzshqzdb", "fields": {"session_data": ".eJxVjjsOwyAQRO9CHSF-xiRlep_B2mXxJ7FAAlNFuXtw5CJp582M3ouNUPdlrCXkcSV2Y9axy2-I4J8hHoQeEOfEfYp7XpEfFX7SwodEYbuf3b-DBcrS1mbSNmjyEnrbXRUgTSRJamm16YUyIEACatc5paxD0xvRsPXKIAo9fa22JlBhDu0uV_b-ANwGPNM:1nkAgS:2UlcGzw6r92-T3fViAxq3JpqbDRRn0FAOdlaiWASCjc", "expire_date": "2022-05-12T20:24:16.103Z"}}, {"model": "sessions.session", "pk": "o9xdnfkw1r25suwho0hdyed2sblhhp4j", "fields": {"session_data": "e30:1nVI4q:LJAbfUvo1rwkCmUQaoQViMaL-fJ32zagDzPpa3VxCSI", "expire_date": "2022-04-01T19:15:56.499Z"}}, {"model": "sessions.session", "pk": "pskv609502coomogha6k4ydtszni5qg2", "fields": {"session_data": "e30:1niLgb:SXR54JfBmq3GctYYDN0PwoTVIBzcrq7ImcY9vRDPH8E", "expire_date": "2022-05-07T19:44:53.953Z"}}, {"model": "sessions.session", "pk": "pt0hdz9b946jy9ngxz6961s2o9azmvtn", "fields": {"session_data": ".eJxVjDsOwyAQBe9CHaEVGHZJmT5nQLALwUlkS_5UVu4eW3KRtG9m3qZiWpcW17lMsRd1VQ7U5XfMiV9lOIg80_AYNY_DMvVZH4o-6azvo5T37XT_Dlqa214DW4ueCYqRQAwViJy3rrPQBVOBO6wCkoW4phAQApIlMOgd7p5Xny_iJzal:1nBiHY:lpZfV6AJYdTeAVMZdCrpJoFAuIeTNAVyALeRs7DRrus", "expire_date": "2022-02-06T19:12:08.023Z"}}, {"model": "sessions.session", "pk": "q557tr3trjhvd6n2l7qa1r7a14k6lh0j", "fields": {"session_data": ".eJxVjDsOwyAQBe9CHaEVGHZJmT5nQLALwUlkS_5UVu4eW3KRtG9m3qZiWpcW17lMsRd1VQ7U5XfMiV9lOIg80_AYNY_DMvVZH4o-6azvo5T37XT_Dlqa214DW4ueCYqRQAwViJy3rrPQBVOBO6wCkoW4phAQApIlMOgd7p5Xny_iJzal:1nGgwo:9FXydpB7EaJdyzM1x_HGioAHN9QYuzVeJPWVv83CZu0", "expire_date": "2022-02-20T12:47:18.976Z"}}, {"model": "sessions.session", "pk": "r9fea7o5sz1guwwjhi0cfpls5se60roa", "fields": {"session_data": ".eJxVjEEOwiAQRe_C2pCBYgGX7nsGMgyMVA1NSrsy3l1JutDVT_57eS8RcN9K2Ftew5zERSgtTr9nRHrk2km6Y70tkpa6rXOUXZEHbXJaUn5eD_cvULCV3rXeWMdsPSqrcrLfSTjmgQnPjpLOCAygGdmMbEihdjayMkAAfjDi_QEXqDha:1nAEFl:UyQTYwPXPkhHdFtQNVwniGbqZndvpS246qw1eAeaA1o", "expire_date": "2022-02-02T16:56:09.067Z"}}, {"model": "sessions.session", "pk": "s4dn8ah3ksbe7uogb4dala9n10kvh2io", "fields": {"session_data": "e30:1nhBrE:OWQ4JdI7xVI1rkvbbxgxEL3l0zoVUUfOGty8mxIQ_hw", "expire_date": "2022-05-04T15:03:04.186Z"}}, {"model": "sessions.session", "pk": "sc4y9gs3yd3p97utax0deyse0p6w8uuq", "fields": {"session_data": ".eJxVjDsOwyAQBe9CHaEVGHZJmT5nQLALwUlkS_5UVu4eW3KRtG9m3qZiWpcW17lMsRd1VQ7U5XfMiV9lOIg80_AYNY_DMvVZH4o-6azvo5T37XT_Dlqa214DW4ueCYqRQAwViJy3rrPQBVOBO6wCkoW4phAQApIlMOgd7p5Xny_iJzal:1njHXo:l9tRyVbj4zgy_NX-a3E4UzaQf7zgRA_I7kG4fj6l_sw", "expire_date": "2022-05-10T09:31:40.062Z"}}, {"model": "sessions.session", "pk": "svl1wtwpov91c3uip41e00w0c14or0r2", "fields": {"session_data": ".eJxVjDsOwyAQBe9CHaEVGHZJmT5nQLALwUlkS_5UVu4eW3KRtG9m3qZiWpcW17lMsRd1VQ7U5XfMiV9lOIg80_AYNY_DMvVZH4o-6azvo5T37XT_Dlqa214DW4ueCYqRQAwViJy3rrPQBVOBO6wCkoW4phAQApIlMOgd7p5Xny_iJzal:1nRIEV:ZV_17tPUsTJjbTboBNMQT14e31ei9o1J1A_2iz0lBmE", "expire_date": "2022-03-21T18:37:23.940Z"}}, {"model": "sessions.session", "pk": "ttul3ql2vebaevqsjq2d384u7bxxpb84", "fields": {"session_data": "e30:1njNl3:2jCY-_iPV9qJXU2LX-fvP6htLrfUNULzYKSVdgFEQVE", "expire_date": "2022-05-10T16:09:45.482Z"}}, {"model": "sessions.session", "pk": "tyk59a9faoosbyzdl6ucclf9011f1wfp", "fields": {"session_data": "e30:1njMKn:lEsrNn1D7-a0sE5B-XghCbNXp8irzgtehQ7zej2M9Oo", "expire_date": "2022-05-10T14:38:33.551Z"}}, {"model": "sessions.session", "pk": "vs01ngrnleihhjfa8fhax4qrzwux78ak", "fields": {"session_data": ".eJxVjDsOwyAQBe9CHaEVGHZJmT5nQLALwUlkS_5UVu4eW3KRtG9m3qZiWpcW17lMsRd1VQ7U5XfMiV9lOIg80_AYNY_DMvVZH4o-6azvo5T37XT_Dlqa214DW4ueCYqRQAwViJy3rrPQBVOBO6wCkoW4phAQApIlMOgd7p5Xny_iJzal:1nTnqS:Zs9oT740HbFHDHCAM5ByyHTceEhNLJ_M6e8gYhCkcVg", "expire_date": "2022-03-28T16:46:56.829Z"}}, {"model": "sessions.session", "pk": "xute45or6nb85neomg5daxjsgy4wv3y9", "fields": {"session_data": "e30:1niLT0:DRWx_4znRX4N_UsZYKxWq8mlc57-iRk5G5VyJJLB-JU", "expire_date": "2022-05-07T19:30:50.557Z"}}, {"model": "sessions.session", "pk": "yz2bfe9hpc9qa6z7i4cujv85tuxfnp6a", "fields": {"session_data": "e30:1n71Ye:h9um2nuU88RJZK8KM74eU7i977epRh9lyMxn9fb9pqw", "expire_date": "2022-01-24T20:46:24.231Z"}}, {"model": "user.user", "pk": 42, "fields": {"password": "pbkdf2_sha256$260000$rf1bjgHzulnY9O5srCDzIE$CbEfwjSIerAL/rd1F246tB0qK9Hwu8sX+LYhudmbrAM=", "last_login": "2022-04-28T12:09:17.751Z", "is_superuser": false, "username": "Test1", "first_name": "Иван", "last_name": "Иванов", "email": "test1@gmail.com", "is_staff": false, "is_active": true, "date_joined": "2022-01-19T13:33:54.167Z", "address": "", "language": "ru", "gender": "m", "phone_number": "+38(092)-212-12-22", "date_of_birth": "2022-01-19", "number_card": "", "town": 3, "groups": [], "user_permissions": []}}, {"model": "user.user", "pk": 50, "fields": {"password": "pbkdf2_sha256$260000$hF97WmV2U9OQTLTYhDu9ho$pjeutU8F7uJmhzzxnh4NEQKA+VgzU9zkOOurNhRwiwo=", "last_login": "2022-04-27T16:27:33.396Z", "is_superuser": true, "username": "Administrator", "first_name": "Богдан", "last_name": "Рожнятовский", "email": "bogdan24ro@gmail.com", "is_staff": true, "is_active": true, "date_joined": "2022-01-21T21:54:31.588Z", "address": "", "language": "ru", "gender": "m", "phone_number": null, "date_of_birth": "1993-08-17", "number_card": "", "town": 1, "groups": [], "user_permissions": []}}, {"model": "user.user", "pk": 51, "fields": {"password": "pbkdf2_sha256$260000$tO4cn2ok4dWeiJPhrkXlUL$2H3h68oCdKjK3wfek7sMLwqpsgLNeCJ9A6nyj9DD4Jk=", "last_login": "2022-04-28T11:23:25.868Z", "is_superuser": false, "username": "Manager", "first_name": "", "last_name": "", "email": "bogdan@gmail.com", "is_staff": true, "is_active": true, "date_joined": "2022-01-22T12:07:52.939Z", "address": "", "language": "ru", "gender": "m", "phone_number": "+38(092)-222-22-22", "date_of_birth": null, "number_card": "5168-7423-5662-5511", "town": 5, "groups": [], "user_permissions": []}}, {"model": "user.user", "pk": 53, "fields": {"password": "pbkdf2_sha256$260000$rVUgwjIgi8UIvKxaqJUkE9$gUD0BkpT4kexBoCI4846VX2ZIuZKr8x3JgKAmy8jhks=", "last_login": null, "is_superuser": false, "username": "Test2", "first_name": "", "last_name": "", "email": "test2@gmail.com", "is_staff": false, "is_active": true, "date_joined": "2022-01-23T18:22:27.128Z", "address": "", "language": "ru", "gender": "m", "phone_number": null, "date_of_birth": null, "number_card": "", "town": null, "groups": [], "user_permissions": []}}, {"model": "user.user", "pk": 54, "fields": {"password": "pbkdf2_sha256$260000$WwngWOCtv4uBwfMD4b92lD$XtpdPw1oW11dXG3NBtB9W3E82OtwRR6hMNnde3+8k+g=", "last_login": null, "is_superuser": false, "username": "Test3", "first_name": "jghj", "last_name": "gjhg", "email": "test3@gmail.com", "is_staff": false, "is_active": true, "date_joined": "2022-01-23T18:23:00.344Z", "address": "", "language": "ru", "gender": "m", "phone_number": null, "date_of_birth": null, "number_card": "", "town": null, "groups": [], "user_permissions": []}}, {"model": "user.user", "pk": 55, "fields": {"password": "pbkdf2_sha256$260000$jx7O8AOnG9pGAlRgzuZs3j$TzFxgCq7Rk1DD9Z3HucJSPLrlGlmVf2r9Ap6zUIaeps=", "last_login": null, "is_superuser": false, "username": "Test4", "first_name": "", "last_name": "", "email": "test4@gmail.com", "is_staff": false, "is_active": true, "date_joined": "2022-01-23T18:23:16.644Z", "address": "", "language": "ru", "gender": "m", "phone_number": null, "date_of_birth": null, "number_card": "", "town": null, "groups": [], "user_permissions": []}}, {"model": "user.user", "pk": 56, "fields": {"password": "pbkdf2_sha256$260000$kxHOY62s5H5ODmKbaPcPAG$1wxyOXb7n1QZykqDP95oP2kr4aSccFkcNfDCxg2JoQM=", "last_login": null, "is_superuser": false, "username": "Test5", "first_name": "", "last_name": "", "email": "test5@gmail.com", "is_staff": false, "is_active": true, "date_joined": "2022-01-23T18:23:32.024Z", "address": "", "language": "ru", "gender": "f", "phone_number": null, "date_of_birth": null, "number_card": "", "town": null, "groups": [], "user_permissions": []}}, {"model": "user.user", "pk": 57, "fields": {"password": "pbkdf2_sha256$260000$XFExmHxcPtZ2SoWCF49zrS$OvOxHAtfGeXcnR6xtv6ODUsZncCGLLQiZdjv6ivprYM=", "last_login": null, "is_superuser": false, "username": "Test6", "first_name": "", "last_name": "", "email": "test6@gmail.com", "is_staff": false, "is_active": true, "date_joined": "2022-01-23T18:24:06.682Z", "address": "", "language": "ru", "gender": "f", "phone_number": null, "date_of_birth": "2022-03-01", "number_card": "", "town": null, "groups": [], "user_permissions": []}}, {"model": "user.user", "pk": 58, "fields": {"password": "pbkdf2_sha256$260000$098UtfDo9dlGPQfDC7xg5C$5b7kqs1WL/YrWZ/iOMxmCIBlW4yf6Vyf3JnaDQj4xdE=", "last_login": null, "is_superuser": false, "username": "Test7", "first_name": "", "last_name": "", "email": "test7@gmail.com", "is_staff": false, "is_active": true, "date_joined": "2022-01-23T18:24:24.555Z", "address": "", "language": "ru", "gender": "f", "phone_number": null, "date_of_birth": null, "number_card": "", "town": null, "groups": [], "user_permissions": []}}, {"model": "user.user", "pk": 60, "fields": {"password": "pbkdf2_sha256$260000$BX9LxsMKSVotIPelLl4B4b$7BsyiitLqDwdwrkWRXrkdHIjWvCO35KhtossIlO32TI=", "last_login": null, "is_superuser": false, "username": "Test9", "first_name": "", "last_name": "", "email": "test9@gmail.com", "is_staff": false, "is_active": true, "date_joined": "2022-01-23T18:25:00.002Z", "address": "", "language": "ru", "gender": "m", "phone_number": null, "date_of_birth": null, "number_card": "", "town": null, "groups": [], "user_permissions": []}}, {"model": "user.user", "pk": 64, "fields": {"password": "pbkdf2_sha256$260000$JSJtqfXh04o1JTK5CWXpdW$R7uq9Y0E3yj3DWaxceXUQyl1mPiIhv2tsCIU5crvXa0=", "last_login": "2022-03-19T11:46:51.052Z", "is_superuser": false, "username": "Test111", "first_name": "", "last_name": "", "email": "test111@gmail.com", "is_staff": false, "is_active": true, "date_joined": "2022-03-15T19:06:00.485Z", "address": "", "language": "ru", "gender": "f", "phone_number": null, "date_of_birth": null, "number_card": "", "town": null, "groups": [], "user_permissions": []}}, {"model": "user.user", "pk": 65, "fields": {"password": "pbkdf2_sha256$260000$VtKy8o6bThV1bK4Ailvhdv$p5k4Q2xOFOUW7ulsC84QZTi55O1Ipk4qL5BBr/oL6W0=", "last_login": null, "is_superuser": false, "username": "Tanya", "first_name": "", "last_name": "", "email": "dp260896kts@gmail.com", "is_staff": false, "is_active": true, "date_joined": "2022-03-23T15:00:23.161Z", "address": "", "language": "ru", "gender": "f", "phone_number": null, "date_of_birth": null, "number_card": "", "town": null, "groups": [], "user_permissions": []}}, {"model": "user.user", "pk": 68, "fields": {"password": "pbkdf2_sha256$260000$jJLUu8HfqfKLKJNqaXWQ01$mnuk3YWkQ1DKKX0OgtzJ8FnV1kO0wEt5ivSDCkQhzEc=", "last_login": "2022-04-28T12:09:34.669Z", "is_superuser": true, "username": "Admin", "first_name": "", "last_name": "", "email": "admin@gmail.com", "is_staff": true, "is_active": true, "date_joined": "2022-04-26T13:35:22.069Z", "address": "", "language": "ru", "gender": "m", "phone_number": null, "date_of_birth": null, "number_card": "", "town": null, "groups": [], "user_permissions": []}}, {"model": "user.town", "pk": 1, "fields": {"town_name": "Днепр"}}, {"model": "user.town", "pk": 2, "fields": {"town_name": "Донецк"}}, {"model": "user.town", "pk": 3, "fields": {"town_name": "Запорожье"}}, {"model": "user.town", "pk": 4, "fields": {"town_name": "Львов"}}, {"model": "user.town", "pk": 5, "fields": {"town_name": "Киев"}}, {"model": "user.town", "pk": 6, "fields": {"town_name": "Харьков"}}, {"model": "cms.client", "pk": 60, "fields": {"date": "2022-03-18", "is_mobile": false, "is_tablet": false, "is_pc": true, "user": 50}}, {"model": "cms.client", "pk": 61, "fields": {"date": "2022-03-18", "is_mobile": true, "is_tablet": false, "is_pc": false, "user": 50}}, {"model": "cms.client", "pk": 62, "fields": {"date": "2022-03-17", "is_mobile": true, "is_tablet": false, "is_pc": false, "user": 50}}, {"model": "cms.client", "pk": 63, "fields": {"date": "2022-03-18", "is_mobile": false, "is_tablet": false, "is_pc": true, "user": 51}}, {"model": "cms.client", "pk": 64, "fields": {"date": "2022-03-19", "is_mobile": false, "is_tablet": false, "is_pc": true, "user": 50}}, {"model": "cms.client", "pk": 65, "fields": {"date": "2022-03-19", "is_mobile": false, "is_tablet": false, "is_pc": true, "user": 64}}, {"model": "cms.client", "pk": 66, "fields": {"date": "2022-03-20", "is_mobile": false, "is_tablet": false, "is_pc": true, "user": 50}}, {"model": "cms.client", "pk": 67, "fields": {"date": "2022-03-21", "is_mobile": true, "is_tablet": false, "is_pc": false, "user": 50}}, {"model": "cms.client", "pk": 68, "fields": {"date": "2022-03-26", "is_mobile": false, "is_tablet": false, "is_pc": true, "user": 50}}, {"model": "cms.client", "pk": 69, "fields": {"date": "2022-03-28", "is_mobile": false, "is_tablet": false, "is_pc": true, "user": 50}}, {"model": "cms.client", "pk": 70, "fields": {"date": "2022-03-28", "is_mobile": false, "is_tablet": false, "is_pc": true, "user": 51}}, {"model": "cms.client", "pk": 71, "fields": {"date": "2022-04-13", "is_mobile": false, "is_tablet": false, "is_pc": true, "user": 50}}, {"model": "cms.client", "pk": 72, "fields": {"date": "2022-04-14", "is_mobile": false, "is_tablet": false, "is_pc": true, "user": 50}}, {"model": "cms.client", "pk": 73, "fields": {"date": "2022-04-20", "is_mobile": false, "is_tablet": false, "is_pc": true, "user": 50}}, {"model": "cms.client", "pk": 74, "fields": {"date": "2022-04-22", "is_mobile": false, "is_tablet": false, "is_pc": true, "user": 50}}, {"model": "cms.client", "pk": 75, "fields": {"date": "2022-04-23", "is_mobile": true, "is_tablet": false, "is_pc": false, "user": 50}}, {"model": "cms.client", "pk": 76, "fields": {"date": "2022-04-23", "is_mobile": false, "is_tablet": false, "is_pc": true, "user": 50}}, {"model": "cms.client", "pk": 77, "fields": {"date": "2022-04-26", "is_mobile": false, "is_tablet": false, "is_pc": true, "user": 50}}, {"model": "cms.client", "pk": 78, "fields": {"date": "2022-04-27", "is_mobile": false, "is_tablet": false, "is_pc": true, "user": 50}}, {"model": "cms.client", "pk": 79, "fields": {"date": "2022-04-28", "is_mobile": false, "is_tablet": false, "is_pc": true, "user": 68}}, {"model": "cms.client", "pk": 80, "fields": {"date": "2022-04-28", "is_mobile": false, "is_tablet": false, "is_pc": true, "user": 51}}, {"model": "cms.client", "pk": 81, "fields": {"date": "2022-04-28", "is_mobile": false, "is_tablet": false, "is_pc": true, "user": 42}}, {"model": "cms.templatesmailing", "pk": 1, "fields": {"created_date": "2022-03-26", "file": "mailing/test1_YRVJMMy.html"}}, {"model": "cms.templatesmailing", "pk": 23, "fields": {"created_date": "2022-03-27", "file": "mailing/test4_DBr9yvB.html"}}, {"model": "cms.templatesmailing", "pk": 28, "fields": {"created_date": "2022-03-27", "file": "mailing/test1_jLgiNMY.html"}}, {"model": "cms.templatesmailing", "pk": 29, "fields": {"created_date": "2022-03-27", "file": "mailing/test5_VgV9ndF.html"}}, {"model": "cms.templatesmailing", "pk": 30, "fields": {"created_date": "2022-03-27", "file": "mailing/test1_XD7mQC6.html"}}, {"model": "cms.templatesmailing", "pk": 31, "fields": {"created_date": "2022-03-27", "file": "mailing/test1_V63pW68.html"}}, {"model": "cms.templatesmailing", "pk": 32, "fields": {"created_date": "2022-03-27", "file": "mailing/test1_78plys9.html"}}, {"model": "cms.templatesmailing", "pk": 33, "fields": {"created_date": "2022-03-27", "file": "mailing/test1_Zqs45yE.html"}}, {"model": "cms.templatesmailing", "pk": 34, "fields": {"created_date": "2022-03-27", "file": "mailing/test5_iMrDUGY.html"}}, {"model": "cms.templatesmailing", "pk": 35, "fields": {"created_date": "2022-03-27", "file": "mailing/test1_rxTIRzD.html"}}, {"model": "cms.templatesmailing", "pk": 36, "fields": {"created_date": "2022-03-27", "file": "mailing/test1_FzBZbY1.html"}}, {"model": "cms.templatesmailing", "pk": 37, "fields": {"created_date": "2022-03-27", "file": "mailing/test2_r9vdIT0.html"}}, {"model": "cms.templatesmailing", "pk": 38, "fields": {"created_date": "2022-03-27", "file": "mailing/test2_NIhCfwL.html"}}, {"model": "cms.templatesmailing", "pk": 39, "fields": {"created_date": "2022-03-27", "file": "mailing/test2_nPFgWEm.html"}}, {"model": "cms.templatesmailing", "pk": 40, "fields": {"created_date": "2022-03-27", "file": "mailing/test2_sZ2WehH.html"}}, {"model": "cms.templatesmailing", "pk": 41, "fields": {"created_date": "2022-03-27", "file": "mailing/test2_Rg9eLcr.html"}}, {"model": "cms.templatesmailing", "pk": 42, "fields": {"created_date": "2022-03-27", "file": "mailing/test3_iFMEIL9.html"}}, {"model": "cms.templatesmailing", "pk": 43, "fields": {"created_date": "2022-03-28", "file": "mailing/test3_TdEROZS.html"}}, {"model": "cms.templatesmailing", "pk": 44, "fields": {"created_date": "2022-03-28", "file": "mailing/test5_KTQIMeV.html"}}, {"model": "cms.templatesmailing", "pk": 45, "fields": {"created_date": "2022-03-28", "file": "mailing/test5_LAHWNyQ.html"}}, {"model": "cms.templatesmailing", "pk": 46, "fields": {"created_date": "2022-03-28", "file": "mailing/test5_DUlZSAx.html"}}, {"model": "cms.templatesmailing", "pk": 47, "fields": {"created_date": "2022-03-28", "file": "mailing/test5_6L5F3IX.html"}}, {"model": "cms.templatesmailing", "pk": 48, "fields": {"created_date": "2022-03-28", "file": "mailing/test1_crD769J.html"}}, {"model": "cms.templatesmailing", "pk": 49, "fields": {"created_date": "2022-03-28", "file": "mailing/test1_6gsRypP.html"}}, {"model": "cms.templatesmailing", "pk": 50, "fields": {"created_date": "2022-03-28", "file": "mailing/Новости_от_28_марта.html"}}, {"model": "cms.templatesmailing", "pk": 51, "fields": {"created_date": "2022-03-28", "file": "mailing/Акция_на_покупку_билетов.html"}}, {"model": "cms.seoblock", "pk": 49, "fields": {"url": "https://seo.com", "title_seo": "Кинотеатр KinoCMS Главная", "keywords": "Конотеатр, заказ билетов", "description_seo": "Официальный сайт кинотеатра KinoCms"}}, {"model": "cms.seoblock", "pk": 50, "fields": {"url": "https://seo.com", "title_seo": "Детская комната", "keywords": "Детская комната", "description_seo": "Детская комната"}}, {"model": "cms.seoblock", "pk": 51, "fields": {"url": "https://seo.com.ua", "title_seo": "Кафе-Бар", "keywords": "Кафе-Бар", "description_seo": "Кафе-Бар"}}, {"model": "cms.seoblock", "pk": 52, "fields": {"url": "https://seo.com", "title_seo": "Реклама", "keywords": "Реклама", "description_seo": "Реклама"}}, {"model": "cms.seoblock", "pk": 53, "fields": {"url": "https://seo.com", "title_seo": "Vip-Зал", "keywords": "Vip-Зал", "description_seo": "Vip-Зал"}}, {"model": "cms.seoblock", "pk": 54, "fields": {"url": "https://seo.com", "title_seo": "О кинотеатре", "keywords": "О кинотеатре", "description_seo": "О кинотеатре"}}, {"model": "cms.seoblock", "pk": 55, "fields": {"url": "https://seo.com.ua", "title_seo": "Контакты", "keywords": "Контакты", "description_seo": "Контакты"}}, {"model": "cms.seoblock", "pk": 107, "fields": {"url": "https://youtube.ua", "title_seo": "Каждую среду - День зрителя!", "keywords": "Каждую среду - День зрителя!", "description_seo": "Каждую среду - День зрителя!"}}, {"model": "cms.seoblock", "pk": 108, "fields": {"url": "https://seo.ua", "title_seo": "В кинотеатре состоялась гала-п", "keywords": "В кинотеатре состоялась гала-премьера фильма \"Сила", "description_seo": "В кинотеатре состоялась гала-премьера фильма \"Сила воли\""}}, {"model": "cms.seoblock", "pk": 115, "fields": {"url": "https://seo-most.ua", "title_seo": "b", "keywords": "MostCity", "description_seo": "MostCity"}}, {"model": "cms.seoblock", "pk": 116, "fields": {"url": "https://seo.ua", "title_seo": "seo", "keywords": "seo", "description_seo": "seo"}}, {"model": "cms.seoblock", "pk": 117, "fields": {"url": "https://test.ua", "title_seo": "Seo", "keywords": "Seo", "description_seo": "Seo"}}, {"model": "cms.seoblock", "pk": 118, "fields": {"url": "https://seo.ua", "title_seo": "Seo", "keywords": "Seo", "description_seo": "Seo"}}, {"model": "cms.seoblock", "pk": 140, "fields": {"url": "https://youtube.com", "title_seo": "test", "keywords": "test", "description_seo": "test"}}, {"model": "cms.seoblock", "pk": 141, "fields": {"url": "https://seo.ua", "title_seo": "seo", "keywords": "seo", "description_seo": "seo"}}, {"model": "cms.seoblock", "pk": 142, "fields": {"url": "https://youtube.com", "title_seo": "test", "keywords": "test", "description_seo": "test"}}, {"model": "cms.seoblock", "pk": 143, "fields": {"url": "https://seo.com", "title_seo": "Seo-Zal-2", "keywords": "Seo-Zal-2", "description_seo": "Seo-Zal-2"}}, {"model": "cms.seoblock", "pk": 144, "fields": {"url": "https://seo.com", "title_seo": "zal", "keywords": "zal", "description_seo": "zal"}}, {"model": "cms.seoblock", "pk": 145, "fields": {"url": "https://seo.com", "title_seo": "Zal", "keywords": "Zal", "description_seo": "Zal"}}, {"model": "cms.seoblock", "pk": 146, "fields": {"url": "https://seo.com.ua", "title_seo": "seo", "keywords": "seo", "description_seo": "seo"}}, {"model": "cms.seoblock", "pk": 147, "fields": {"url": "https://seo-zal4.ua", "title_seo": "zal", "keywords": "zal", "description_seo": "zal"}}, {"model": "cms.seoblock", "pk": 148, "fields": {"url": "https://seo.ua", "title_seo": "seod", "keywords": "seod", "description_seo": "seod"}}, {"model": "cms.seoblock", "pk": 149, "fields": {"url": "https://sep.uk", "title_seo": "segg", "keywords": "segg", "description_seo": "segg"}}, {"model": "cms.seoblock", "pk": 150, "fields": {"url": "https://tee.ua", "title_seo": "seff", "keywords": "seff", "description_seo": "seff"}}, {"model": "cms.seoblock", "pk": 151, "fields": {"url": "https://seo.ua", "title_seo": "seo", "keywords": "seo", "description_seo": "seo"}}, {"model": "cms.seoblock", "pk": 152, "fields": {"url": "https://seo.ua", "title_seo": "seo", "keywords": "seo", "description_seo": "seo"}}, {"model": "cms.seoblock", "pk": 153, "fields": {"url": "https://seo.com", "title_seo": "seo", "keywords": "seo", "description_seo": "seo"}}, {"model": "cms.seoblock", "pk": 154, "fields": {"url": "https://seo.com.ua", "title_seo": "Планета Кино(APPOLO)", "keywords": "Планета Кино(APPOLO)", "description_seo": "Планета Кино(APPOLO)"}}, {"model": "cms.seoblock", "pk": 155, "fields": {"url": "https://seo.ua", "title_seo": "fdgfd", "keywords": "fdgfd", "description_seo": "fdgfd"}}, {"model": "cms.seoblock", "pk": 156, "fields": {"url": "https://zal.ua", "title_seo": "Зал 1 Планета Кино(APPOLO)", "keywords": "Зал 1 Планета Кино(APPOLO)", "description_seo": "Зал 1 Планета Кино(APPOLO)"}}, {"model": "cms.seoblock", "pk": 157, "fields": {"url": "https://seo.ua", "title_seo": "Планета Кино(Котовского)", "keywords": "Планета Кино(Котовского)", "description_seo": "Планета Кино(Котовского)"}}, {"model": "cms.seoblock", "pk": 158, "fields": {"url": "https://sed.ul", "title_seo": "Зал 2 Планета Кино(Котовского)", "keywords": "Зал 2 Планета Кино(Котовского)", "description_seo": "Зал 2 Планета Кино(Котовского)"}}, {"model": "cms.seoblock", "pk": 159, "fields": {"url": "https://seo.ukr.net", "title_seo": "fsdg", "keywords": "fsdg", "description_seo": "fsdg"}}, {"model": "cms.seoblock", "pk": 160, "fields": {"url": "https://seo.ua", "title_seo": "Zal12", "keywords": "Zal1", "description_seo": "Zal1"}}, {"model": "cms.seoblock", "pk": 161, "fields": {"url": "https://df.ua", "title_seo": "sdfds", "keywords": "dsfds", "description_seo": "dsfsd"}}, {"model": "cms.seoblock", "pk": 162, "fields": {"url": "https://rodina.ua", "title_seo": "seo-rodina", "keywords": "seo-rodina", "description_seo": "seo-rodina"}}, {"model": "cms.seoblock", "pk": 163, "fields": {"url": "https://seo.ua", "title_seo": "zal", "keywords": "zal", "description_seo": "zal"}}, {"model": "cms.seoblock", "pk": 164, "fields": {"url": "https://seo-pravda.ua", "title_seo": "SeoPravdaKino", "keywords": "SeoPravdaKino", "description_seo": "SeoPravdaKino"}}, {"model": "cms.seoblock", "pk": 165, "fields": {"url": "https://seo.ua", "title_seo": "movies1", "keywords": "movies1", "description_seo": "movies1"}}, {"model": "cms.seoblock", "pk": 166, "fields": {"url": "https://seo.com.ua", "title_seo": "movies2", "keywords": "movies2", "description_seo": "movies2"}}, {"model": "cms.seoblock", "pk": 167, "fields": {"url": "https://seo.ua", "title_seo": "movies3", "keywords": "movies3", "description_seo": "movies3"}}, {"model": "cms.seoblock", "pk": 168, "fields": {"url": "https://seo.ua", "title_seo": "Кулаки возмездия", "keywords": "Кулаки возмездия", "description_seo": "Кулаки возмездия"}}, {"model": "cms.seoblock", "pk": 169, "fields": {"url": "https://seo.ua", "title_seo": "Анчартед", "keywords": "Анчартед", "description_seo": "Анчартед"}}, {"model": "cms.seoblock", "pk": 170, "fields": {"url": "https://seo.ua", "title_seo": "zal3seo", "keywords": "zal3seo", "description_seo": "zal3seo"}}, {"model": "cms.seoblock", "pk": 171, "fields": {"url": "https://seo.ua", "title_seo": "testpages", "keywords": "testpages", "description_seo": "testpages"}}, {"model": "cms.seoblock", "pk": 172, "fields": {"url": "https://seo.com", "title_seo": "new_pages1", "keywords": "new_pages1", "description_seo": "new_pages1"}}, {"model": "cms.seoblock", "pk": 173, "fields": {"url": "https://seo.ua", "title_seo": "seo_new_pages", "keywords": "seo_new_pages", "description_seo": "seo_new_pages"}}, {"model": "cms.seoblock", "pk": 174, "fields": {"url": "https://seo.com", "title_seo": "Новая страница", "keywords": "Новая страница", "description_seo": "Новая страница"}}, {"model": "cms.seoblock", "pk": 175, "fields": {"url": "https://seo.ua", "title_seo": "Новая страница 2", "keywords": "Новая страница 2", "description_seo": "Новая страница 2"}}, {"model": "cms.seoblock", "pk": 176, "fields": {"url": "https://seo.cpm", "title_seo": "https://seo.cpm", "keywords": "https://seo.cpm", "description_seo": "https://seo.cpm"}}, {"model": "cms.seoblock", "pk": 177, "fields": {"url": "https://seo.ua", "title_seo": "https://seo.ua", "keywords": "https://seo.ua", "description_seo": "https://seo.ua"}}, {"model": "cms.seoblock", "pk": 178, "fields": {"url": "https://youtube.com", "title_seo": "https://youtube.com", "keywords": "https://youtube.com", "description_seo": "https://youtube.com"}}, {"model": "cms.seoblock", "pk": 179, "fields": {"url": "https://youtube.com", "title_seo": "https://youtube.com", "keywords": "https://youtube.com", "description_seo": "https://youtube.com"}}, {"model": "cms.seoblock", "pk": 180, "fields": {"url": "https://seo.com", "title_seo": "https://seo.com", "keywords": "https://seo.com", "description_seo": "https://seo.com"}}, {"model": "cms.seoblock", "pk": 181, "fields": {"url": "https://seo.ua", "title_seo": "https://seo.ua", "keywords": "https://seo.ua", "description_seo": "https://seo.ua"}}, {"model": "cms.seoblock", "pk": 182, "fields": {"url": "https://seo.com", "title_seo": "Новая страница 2", "keywords": "Новая страница 2", "description_seo": "Новая страница 2"}}, {"model": "cms.seoblock", "pk": 183, "fields": {"url": "https://seo.ua", "title_seo": "Новая страница", "keywords": "Новая страница", "description_seo": "Новая страница"}}, {"model": "cms.seoblock", "pk": 184, "fields": {"url": "https://youtube.com", "title_seo": "Глубокие воды", "keywords": "Глубокие воды", "description_seo": "Глубокие воды"}}, {"model": "cms.seoblock", "pk": 185, "fields": {"url": "https://youtube.com", "title_seo": "Большой баг", "keywords": "Большой баг", "description_seo": "Большой баг"}}, {"model": "cms.seoblock", "pk": 186, "fields": {"url": "https://youtube.com", "title_seo": "Отчаянные всадники", "keywords": "Отчаянные всадники", "description_seo": "Отчаянные всадники"}}, {"model": "cms.seoblock", "pk": 187, "fields": {"url": "https://test.ua", "title_seo": "zal", "keywords": "zal", "description_seo": "zal"}}, {"model": "cms.seoblock", "pk": 188, "fields": {"url": "https://seo.com", "title_seo": "Смерть на Ниле", "keywords": "Смерть на Ниле", "description_seo": "Смерть на Ниле"}}, {"model": "cms.seoblock", "pk": 189, "fields": {"url": "https://seo.com", "title_seo": "Техасская резня бензопилой", "keywords": "Техасская резня бензопилой", "description_seo": "Техасская резня бензопилой"}}, {"model": "cms.seoblock", "pk": 190, "fields": {"url": "https://seo.ua", "title_seo": "https://seo.ua", "keywords": "https://seo.ua", "description_seo": "https://seo.ua"}}, {"model": "cms.seoblock", "pk": 191, "fields": {"url": "https://seo.ua", "title_seo": "https://seo.ua", "keywords": "https://seo.ua", "description_seo": "https://seo.ua"}}, {"model": "cms.seoblock", "pk": 192, "fields": {"url": "https://zal.ua", "title_seo": "Зал 4 Планета Кино(APPOLO)", "keywords": "Зал 4 Планета Кино(APPOLO)", "description_seo": "Зал 4 Планета Кино(APPOLO)"}}, {"model": "cms.seoblock", "pk": 193, "fields": {"url": "https://youtube.com", "title_seo": "В день рождения дарим билет", "keywords": "В день рождения дарим билет", "description_seo": "В день рождения дарим билет"}}, {"model": "cms.seoblock", "pk": 194, "fields": {"url": "https://youtube.com", "title_seo": "Ночные цены на все сеансы", "keywords": "Ночные цены на все сеансы", "description_seo": "Ночные цены на все сеансы"}}, {"model": "cms.seoblock", "pk": 195, "fields": {"url": "https://youtube.com", "title_seo": "Школьник, студент, пенсионер", "keywords": "Школьник, студент, пенсионер", "description_seo": "Школьник, студент, пенсионер"}}, {"model": "cms.seoblock", "pk": 196, "fields": {"url": "https://seo.ua", "title_seo": "11 мая в кинотеатре состоялся", "keywords": "11 мая в кинотеатре состоялся показ короткометраже", "description_seo": "11 мая в кинотеатре состоялся показ короткометражек \"Oskar Shorts\""}}, {"model": "cms.seoblock", "pk": 197, "fields": {"url": "https://seo.ua", "title_seo": "11 мая в кинотеатре состоялся", "keywords": "11 мая в кинотеатре состоялся показ короткометраже", "description_seo": "11 мая в кинотеатре состоялся показ короткометражек \"Oskar Shorts\""}}, {"model": "cms.seoblock", "pk": 198, "fields": {"url": "https://seo.ua", "title_seo": "11 мая в кинотеатре состоялся", "keywords": "11 мая в кинотеатре состоялся", "description_seo": "11 мая в кинотеатре состоялся показ короткометражек \"Oskar Shorts\""}}, {"model": "cms.seoblock", "pk": 199, "fields": {"url": "https://seo.ua", "title_seo": "11 мая в кинотеатре состоялся", "keywords": "11 мая в кинотеатре состоялся", "description_seo": "11 мая в кинотеатре состоялся показ короткометражек \"Oskar Shorts\""}}, {"model": "cms.seoblock", "pk": 200, "fields": {"url": "https://seo.ua", "title_seo": "11 мая в кинотеатре состоялся", "keywords": "11 мая в кинотеатре состоялся", "description_seo": "11 мая в кинотеатре состоялся показ короткометражек \"Oskar Shorts\""}}, {"model": "cms.seoblock", "pk": 201, "fields": {"url": "https://youtube.com", "title_seo": "https://youtube.com", "keywords": "https://youtube.com", "description_seo": "https://youtube.com"}}, {"model": "cms.seoblock", "pk": 202, "fields": {"url": "https://seo.ua", "title_seo": "https://seo.ua", "keywords": "https://seo.ua", "description_seo": "https://seo.ua"}}, {"model": "cms.gallery", "pk": 3, "fields": {"title": "Правда"}}, {"model": "cms.gallery", "pk": 4, "fields": {"title": "О кинотеатре"}}, {"model": "cms.gallery", "pk": 5, "fields": {"title": "Vip-Зал"}}, {"model": "cms.gallery", "pk": 6, "fields": {"title": "Кафе-Бар"}}, {"model": "cms.gallery", "pk": 7, "fields": {"title": "Реклама"}}, {"model": "cms.gallery", "pk": 8, "fields": {"title": "Детская комната"}}, {"model": "cms.gallery", "pk": 37, "fields": {"title": "Три билета в подарок"}}, {"model": "cms.gallery", "pk": 38, "fields": {"title": "Открытие нового Vip зала"}}, {"model": "cms.gallery", "pk": 46, "fields": {"title": "Мост Кино"}}, {"model": "cms.gallery", "pk": 71, "fields": {"title": "Тест"}}, {"model": "cms.gallery", "pk": 72, "fields": {"title": "Зал-3"}}, {"model": "cms.gallery", "pk": 73, "fields": {"title": "Тест"}}, {"model": "cms.gallery", "pk": 74, "fields": {"title": "Зал-2"}}, {"model": "cms.gallery", "pk": 75, "fields": {"title": "Зал-2"}}, {"model": "cms.gallery", "pk": 76, "fields": {"title": "Зал-3"}}, {"model": "cms.gallery", "pk": 77, "fields": {"title": "Зал-1"}}, {"model": "cms.gallery", "pk": 78, "fields": {"title": "Зал-4"}}, {"model": "cms.gallery", "pk": 79, "fields": {"title": "Зал-2"}}, {"model": "cms.gallery", "pk": 80, "fields": {"title": "Зал-1"}}, {"model": "cms.gallery", "pk": 81, "fields": {"title": "Зал-2"}}, {"model": "cms.gallery", "pk": 82, "fields": {"title": "Правда"}}, {"model": "cms.gallery", "pk": 83, "fields": {"title": "Зал-1"}}, {"model": "cms.gallery", "pk": 84, "fields": {"title": "правда"}}, {"model": "cms.gallery", "pk": 85, "fields": {"title": "Мост Кино"}}, {"model": "cms.gallery", "pk": 86, "fields": {"title": "dfg"}}, {"model": "cms.gallery", "pk": 87, "fields": {"title": "Зал-1"}}, {"model": "cms.gallery", "pk": 88, "fields": {"title": "Правда"}}, {"model": "cms.gallery", "pk": 89, "fields": {"title": "Зал-1"}}, {"model": "cms.gallery", "pk": 90, "fields": {"title": "Зал-2"}}, {"model": "cms.gallery", "pk": 91, "fields": {"title": "Зал-2"}}, {"model": "cms.gallery", "pk": 92, "fields": {"title": "fghgfh"}}, {"model": "cms.gallery", "pk": 93, "fields": {"title": "Родина"}}, {"model": "cms.gallery", "pk": 94, "fields": {"title": "Зал-2"}}, {"model": "cms.gallery", "pk": 95, "fields": {"title": "Зал-3"}}, {"model": "cms.gallery", "pk": 96, "fields": {"title": "movies1"}}, {"model": "cms.gallery", "pk": 97, "fields": {"title": "movies2"}}, {"model": "cms.gallery", "pk": 98, "fields": {"title": "movies3"}}, {"model": "cms.gallery", "pk": 99, "fields": {"title": "Кулаки возмездия"}}, {"model": "cms.gallery", "pk": 100, "fields": {"title": "Анчартед"}}, {"model": "cms.gallery", "pk": 101, "fields": {"title": "Зал-3"}}, {"model": "cms.gallery", "pk": 102, "fields": {"title": "Новая страница"}}, {"model": "cms.gallery", "pk": 103, "fields": {"title": "Новая страница"}}, {"model": "cms.gallery", "pk": 104, "fields": {"title": "Новая страница"}}, {"model": "cms.gallery", "pk": 105, "fields": {"title": "Новая страница"}}, {"model": "cms.gallery", "pk": 106, "fields": {"title": "Новая страница 2"}}, {"model": "cms.gallery", "pk": 107, "fields": {"title": "Новая страница 3"}}, {"model": "cms.gallery", "pk": 108, "fields": {"title": "fghgf"}}, {"model": "cms.gallery", "pk": 109, "fields": {"title": "hfgh"}}, {"model": "cms.gallery", "pk": 110, "fields": {"title": "dfgdfg"}}, {"model": "cms.gallery", "pk": 111, "fields": {"title": "dfgdfgd"}}, {"model": "cms.gallery", "pk": 112, "fields": {"title": "dfgdfg"}}, {"model": "cms.gallery", "pk": 113, "fields": {"title": "Новая страница 2"}}, {"model": "cms.gallery", "pk": 114, "fields": {"title": "Новая страница"}}, {"model": "cms.gallery", "pk": 115, "fields": {"title": "Бесконечность"}}, {"model": "cms.gallery", "pk": 116, "fields": {"title": "Большой баг"}}, {"model": "cms.gallery", "pk": 117, "fields": {"title": "Отчаянные всадники"}}, {"model": "cms.gallery", "pk": 118, "fields": {"title": "Зал-3"}}, {"model": "cms.gallery", "pk": 119, "fields": {"title": "Смерть на Ниле"}}, {"model": "cms.gallery", "pk": 120, "fields": {"title": "Техасская резня бензопилой"}}, {"model": "cms.gallery", "pk": 121, "fields": {"title": "Тетстовый"}}, {"model": "cms.gallery", "pk": 122, "fields": {"title": "Подарок"}}, {"model": "cms.gallery", "pk": 123, "fields": {"title": "Зал-4"}}, {"model": "cms.gallery", "pk": 124, "fields": {"title": "В день рождения дарим билет"}}, {"model": "cms.gallery", "pk": 125, "fields": {"title": "Ночные цены на все сеансы"}}, {"model": "cms.gallery", "pk": 126, "fields": {"title": "Школьник, студент, пенсионер"}}, {"model": "cms.gallery", "pk": 127, "fields": {"title": "fgfdg"}}, {"model": "cms.gallery", "pk": 128, "fields": {"title": "gfhgfh"}}, {"model": "cms.images", "pk": 112, "fields": {"image": "gallery/imgonline-com-ua-Resize-CvYSaChLIB_parTnLA.jpg", "gallery": 6}}, {"model": "cms.images", "pk": 136, "fields": {"image": "gallery/imgonline-com-ua-Resize-soP8xE1vJy_rmvgC3w.jpg", "gallery": 46}}, {"model": "cms.images", "pk": 137, "fields": {"image": "gallery/imgonline-com-ua-Resize-QbkgKbuBPoRKmiN_uW63LUA.jpg", "gallery": 46}}, {"model": "cms.images", "pk": 138, "fields": {"image": "gallery/imgonline-com-ua-Resize-17HbXEeq9SSgCWd_nN2Q6JG.jpg", "gallery": 46}}, {"model": "cms.images", "pk": 145, "fields": {"image": "gallery/imgonline-com-ua-Resize-CvYSaChLIB_a8Jh4XT.jpg", "gallery": 71}}, {"model": "cms.images", "pk": 146, "fields": {"image": "gallery/imgonline-com-ua-Resize-mj5ZMT7NLc_iO5i2dX.jpg", "gallery": 72}}, {"model": "cms.images", "pk": 147, "fields": {"image": "gallery/imgonline-com-ua-Resize-soP8xE1vJy_YfWmy3g.jpg", "gallery": 74}}, {"model": "cms.images", "pk": 148, "fields": {"image": "gallery/imgonline-com-ua-Resize-17HbXEeq9SSgCWd_PzFAynN.jpg", "gallery": 74}}, {"model": "cms.images", "pk": 149, "fields": {"image": "gallery/imgonline-com-ua-Resize-mj5ZMT7NLc_J14NRxP.jpg", "gallery": 74}}, {"model": "cms.images", "pk": 150, "fields": {"image": "gallery/imgonline-com-ua-Resize-QbkgKbuBPoRKmiN_vYpgOB1.jpg", "gallery": 82}}, {"model": "cms.images", "pk": 151, "fields": {"image": "gallery/imgonline-com-ua-Resize-CvYSaChLIB_S7Y5K29.jpg", "gallery": 82}}, {"model": "cms.images", "pk": 152, "fields": {"image": "gallery/imgonline-com-ua-Resize-soP8xE1vJy_IpP03pT.jpg", "gallery": 82}}, {"model": "cms.images", "pk": 153, "fields": {"image": "gallery/imgonline-com-ua-Resize-17HbXEeq9SSgCWd_ClIYqng.jpg", "gallery": 82}}, {"model": "cms.images", "pk": 155, "fields": {"image": "gallery/imgonline-com-ua-Resize-soP8xE1vJy_MMAX9cS.jpg", "gallery": 84}}, {"model": "cms.images", "pk": 156, "fields": {"image": "gallery/imgonline-com-ua-Resize-mj5ZMT7NLc_ZWMYUNb.jpg", "gallery": 85}}, {"model": "cms.images", "pk": 158, "fields": {"image": "gallery/imgonline-com-ua-Resize-soP8xE1vJy_vnAuMy6.jpg", "gallery": 93}}, {"model": "cms.images", "pk": 159, "fields": {"image": "gallery/imgonline-com-ua-Resize-mj5ZMT7NLc_nGYwttA.jpg", "gallery": 94}}, {"model": "cms.images", "pk": 160, "fields": {"image": "gallery/imgonline-com-ua-Resize-CvYSaChLIB_lf3jLMs.jpg", "gallery": 85}}, {"model": "cms.images", "pk": 163, "fields": {"image": "gallery/imgonline-com-ua-Resize-CvYSaChLIB_RBvr6fc.jpg", "gallery": 96}}, {"model": "cms.images", "pk": 164, "fields": {"image": "gallery/Без_названия_1000_190пикс._13.png", "gallery": 99}}, {"model": "cms.images", "pk": 165, "fields": {"image": "gallery/Без_названия_1000_190пикс._16.png", "gallery": 100}}, {"model": "cms.images", "pk": 166, "fields": {"image": "gallery/imgonline-com-ua-Resize-soP8xE1vJy_xv2v6K9.jpg", "gallery": 101}}, {"model": "cms.images", "pk": 167, "fields": {"image": "gallery/imgonline-com-ua-Resize-mj5ZMT7NLc_ygQJtx9.jpg", "gallery": 102}}, {"model": "cms.images", "pk": 168, "fields": {"image": "gallery/imgonline-com-ua-Resize-mj5ZMT7NLc_uS7074X.jpg", "gallery": 103}}, {"model": "cms.images", "pk": 169, "fields": {"image": "gallery/imgonline-com-ua-Resize-mj5ZMT7NLc_fdLPJOx.jpg", "gallery": 104}}, {"model": "cms.images", "pk": 170, "fields": {"image": "gallery/imgonline-com-ua-Resize-QbkgKbuBPoRKmiN_HcIKKu3.jpg", "gallery": 105}}, {"model": "cms.images", "pk": 172, "fields": {"image": "gallery/imgonline-com-ua-Resize-QbkgKbuBPoRKmiN_5zCdZ4W.jpg", "gallery": 106}}, {"model": "cms.images", "pk": 174, "fields": {"image": "gallery/Без_названия_1000_190пикс._12.png", "gallery": 99}}, {"model": "cms.images", "pk": 175, "fields": {"image": "gallery/imgonline-com-ua-Resize-mj5ZMT7NLc_4bGXe2i.jpg", "gallery": 108}}, {"model": "cms.images", "pk": 180, "fields": {"image": "gallery/imgonline-com-ua-Resize-soP8xE1vJy_lnqnP8g.jpg", "gallery": 37}}, {"model": "cms.images", "pk": 189, "fields": {"image": "gallery/imgonline-com-ua-Resize-17HbXEeq9SSgCWd_7iKbhrx.jpg", "gallery": 110}}, {"model": "cms.images", "pk": 191, "fields": {"image": "gallery/Без_названия_1000_190пикс._15.png", "gallery": 100}}, {"model": "cms.images", "pk": 200, "fields": {"image": "gallery/imgonline-com-ua-Resize-QbkgKbuBPoRKmiN_40d5Iz1.jpg", "gallery": 111}}, {"model": "cms.images", "pk": 262, "fields": {"image": "gallery/imgonline-com-ua-Resize-soP8xE1vJy_GnrDNIg.jpg", "gallery": 91}}, {"model": "cms.images", "pk": 263, "fields": {"image": "gallery/imgonline-com-ua-Resize-soP8xE1vJy_2QlnMbA.jpg", "gallery": 113}}, {"model": "cms.images", "pk": 264, "fields": {"image": "gallery/imgonline-com-ua-Resize-QbkgKbuBPoRKmiN_W42aByO.jpg", "gallery": 114}}, {"model": "cms.images", "pk": 265, "fields": {"image": "gallery/Без_названия_1000_190пикс._11.png", "gallery": 99}}, {"model": "cms.images", "pk": 266, "fields": {"image": "gallery/Без_названия_1000_190пикс._14.png", "gallery": 100}}, {"model": "cms.images", "pk": 267, "fields": {"image": "gallery/Без_названия_1000_190пикс._19.png", "gallery": 116}}, {"model": "cms.images", "pk": 268, "fields": {"image": "gallery/Без_названия_1000_190пикс._18.png", "gallery": 116}}, {"model": "cms.images", "pk": 269, "fields": {"image": "gallery/Без_названия_1000_190пикс._17.png", "gallery": 116}}, {"model": "cms.images", "pk": 270, "fields": {"image": "gallery/Без_названия_1000_190пикс._21.png", "gallery": 117}}, {"model": "cms.images", "pk": 271, "fields": {"image": "gallery/Без_названия_1000_190пикс._22.png", "gallery": 117}}, {"model": "cms.images", "pk": 272, "fields": {"image": "gallery/Без_названия_1000_190пикс._20.png", "gallery": 117}}, {"model": "cms.images", "pk": 273, "fields": {"image": "gallery/Без_названия_1000_190пикс._25.png", "gallery": 115}}, {"model": "cms.images", "pk": 274, "fields": {"image": "gallery/Без_названия_1000_190пикс._24.png", "gallery": 115}}, {"model": "cms.images", "pk": 275, "fields": {"image": "gallery/Без_названия_1000_190пикс._23.png", "gallery": 115}}, {"model": "cms.images", "pk": 276, "fields": {"image": "gallery/imgonline-com-ua-Resize-17HbXEeq9SSgCWd_gqiiJle.jpg", "gallery": 87}}, {"model": "cms.images", "pk": 277, "fields": {"image": "gallery/imgonline-com-ua-Resize-mj5ZMT7NLc_KPQ1gxI.jpg", "gallery": 123}}, {"model": "cms.images", "pk": 278, "fields": {"image": "gallery/imgonline-com-ua-Resize-mj5ZMT7NLc_Ibc5nEn.jpg", "gallery": 124}}, {"model": "cms.images", "pk": 279, "fields": {"image": "gallery/imgonline-com-ua-Resize-mj5ZMT7NLc_8n83sRT.jpg", "gallery": 125}}, {"model": "cms.images", "pk": 280, "fields": {"image": "gallery/imgonline-com-ua-Resize-mj5ZMT7NLc_Iafu84S.jpg", "gallery": 126}}, {"model": "cms.images", "pk": 282, "fields": {"image": "gallery/imgonline-com-ua-Resize-l08R7HK2s0dxDc.jpg", "gallery": 119}}, {"model": "cms.images", "pk": 283, "fields": {"image": "gallery/imgonline-com-ua-Resize-96iR2uQsgde5HW0N.jpg", "gallery": 120}}, {"model": "cms.images", "pk": 284, "fields": {"image": "gallery/imgonline-com-ua-Resize-mj5ZMT7NLc_u1XDlVb.jpg", "gallery": 89}}, {"model": "cms.images", "pk": 285, "fields": {"image": "gallery/imgonline-com-ua-Resize-CvYSaChLIB_ZQngTsE.jpg", "gallery": 88}}, {"model": "cms.images", "pk": 286, "fields": {"image": "gallery/imgonline-com-ua-Resize-17HbXEeq9SSgCWd_z3U1l68.jpg", "gallery": 8}}, {"model": "cms.images", "pk": 287, "fields": {"image": "gallery/imgonline-com-ua-Resize-soP8xE1vJy_tLSDxzu.jpg", "gallery": 5}}, {"model": "cms.images", "pk": 288, "fields": {"image": "gallery/imgonline-com-ua-Resize-mj5ZMT7NLc_VQUbBP9.jpg", "gallery": 7}}, {"model": "cms.images", "pk": 289, "fields": {"image": "gallery/imgonline-com-ua-Resize-mj5ZMT7NLc_5Oblwyd.jpg", "gallery": 4}}, {"model": "cms.images", "pk": 290, "fields": {"image": "gallery/imgonline-com-ua-Resize-soP8xE1vJy_F0rpH5y.jpg", "gallery": 4}}, {"model": "cms.images", "pk": 293, "fields": {"image": "gallery/imgonline-com-ua-Resize-CvYSaChLIB_E37q3ug.jpg", "gallery": 4}}, {"model": "cms.images", "pk": 295, "fields": {"image": "gallery/imgonline-com-ua-Resize-17HbXEeq9SSgCWd_qyjQhwE.jpg", "gallery": 4}}, {"model": "cms.images", "pk": 296, "fields": {"image": "gallery/imgonline-com-ua-Resize-mj5ZMT7NLc_bSyl4lI.jpg", "gallery": 38}}, {"model": "cms.images", "pk": 297, "fields": {"image": "gallery/imgonline-com-ua-Resize-soP8xE1vJy_VXBY8Pl.jpg", "gallery": 128}}, {"model": "cms.homepagebanner", "pk": 21, "fields": {"image": "banners/home_page/Без_названия_1000_190пикс._27.png", "url": "https://avada-media.ua/", "text": "Avada", "text_ru": "Avada", "text_uk": null}}, {"model": "cms.homepagebanner", "pk": 24, "fields": {"image": "banners/home_page/Без_названия_1000_190пикс._26.png", "url": "https://avada-media.ua/", "text": "MEDIA", "text_ru": "MEDIA", "text_uk": null}}, {"model": "cms.promotionspagebanner", "pk": 8, "fields": {"image": "banners/promotions/imgonline-com-ua-Resize-mj5ZMT7NLc_vuPz5UM.jpg", "url": "https://avada-media.ua"}}, {"model": "cms.promotionspagebanner", "pk": 10, "fields": {"image": "banners/promotions/imgonline-com-ua-Resize-CvYSaChLIB_d01TJQp.jpg", "url": "https://avada-media.ua/"}}, {"model": "cms.carouselbanner", "pk": 2, "fields": {"value": "home_page_banner", "active": false, "interval": 5000}}, {"model": "cms.carouselbanner", "pk": 3, "fields": {"value": "promotions_page_banner", "active": true, "interval": 10000}}, {"model": "cms.backgroundbanner", "pk": 8, "fields": {"banner": "banners/background/Без_названия_3000_2000пикс._5.png", "type": "BI", "value": "banner"}}, {"model": "cms.movies", "pk": 8, "fields": {"title": "Кулаки возмездия", "title_ru": "Кулаки возмездия", "title_uk": "Кулаки відплати", "description": "Наемник со сверхспособностями выслеживает убийцу в Бангкоке. В процессе выясняется, что его миссия — не просто отомстить, а спасти мир от давней угрозы.", "description_ru": "Наемник со сверхспособностями выслеживает убийцу в Бангкоке. В процессе выясняется, что его миссия — не просто отомстить, а спасти мир от давней угрозы.", "description_uk": "Найманець із надздібностями вистежує вбивцю в Бангкоку. У процесі з'ясовується, що його місія не просто помститися, а врятувати світ від давньої загрози.", "image": "movies/kul.jpg", "link": "https://www.youtube.com/embed/apmiNIGsKhs", "date_premier": "2022-04-15", "active": true, "type_3d": true, "type_2d": true, "type_imax": true, "gallery": 99, "seo_block": 168}}, {"model": "cms.movies", "pk": 9, "fields": {"title": "Анчартед", "title_ru": "Анчартед", "title_uk": "Анчартед", "description": "Одна из самых известных компьютерных игр оживет на большом экране! В руки неутомимого искателя приключений Натана Дрейка попадает загадочный артефакт. Именно он может привести молодого авантюриста к острову, где спрятаны желанные сокровища.", "description_ru": "Одна из самых известных компьютерных игр оживет на большом экране! В руки неутомимого искателя приключений Натана Дрейка попадает загадочный артефакт. Именно он может привести молодого авантюриста к острову, где спрятаны желанные сокровища.", "description_uk": "Одна із найвідоміших комп'ютерних ігор оживе на великому екрані! До рук невтомного шукача пригод Натана Дрейка потрапляє загадковий артефакт. Саме він може привести молодого авантюриста до острова, де заховані бажані скарби.", "image": "movies/uncharted-2022.jpg", "link": "https://www.youtube.com/embed/i0XvzdqAb9k", "date_premier": "2022-04-06", "active": true, "type_3d": true, "type_2d": false, "type_imax": true, "gallery": 100, "seo_block": 169}}, {"model": "cms.movies", "pk": 11, "fields": {"title": "Глубокие воды", "title_ru": "Глубокие воды", "title_uk": "Глибокі води", "description": "На первый взгляд у Вика и Мелинды есть все, о чем можно мечтать — очаровательная дочь, роскошный дом и успешные друзья. Но их брак превратился в ложную игру, где она намеренно не скрывает свои предательства, а он прощает ей все. Когда один из ее любовников находит мертвым, супруги все сильнее затягивают глубокие воды подозрений и лжи.", "description_ru": "На первый взгляд у Вика и Мелинды есть все, о чем можно мечтать — очаровательная дочь, роскошный дом и успешные друзья. Но их брак превратился в ложную игру, где она намеренно не скрывает свои предательства, а он прощает ей все. Когда один из ее любовников находит мертвым, супруги все сильнее затягивают глубокие воды подозрений и лжи.", "description_uk": "На перший погляд, у Віка та Мелінди є все, про що можна мріяти — чарівна донька, розкішний будинок та успішні друзі. Але їхній шлюб перетворився на хибну гру, де вона навмисно не приховує свої зради, а він прощає їй все. Коли одного з її коханців знаходять мертвим, подружжя дедалі сильніше затягують глибокі води підозр і брехні.", "image": "movies/snimok-ekrana-2022-02-14-v-18.48.39.jpeg", "link": "https://www.youtube.com/embed/tzWy1QASbjc", "date_premier": "2022-04-08", "active": true, "type_3d": false, "type_2d": true, "type_imax": false, "gallery": 115, "seo_block": 184}}, {"model": "cms.movies", "pk": 12, "fields": {"title": "Большой баг", "title_ru": "Большой баг", "title_uk": "Великий баг", "description": "2045 год. Повсеместно используется искусственный интеллект компании Yonux, а по цифровому телевидению транслируется шоу «Homo ridiculus» об издевательствах андроидов над людьми. К большой поклоннице всякого ретро по имени Элис, которая живёт в умном пригородном доме, сначала приходит в гости ухажёр с сыном-подростком, потом заявляется бывший муж в компании невесты и 17-летней дочери, а вскоре заходит и соседка в поисках собаки. В это время происходит восстание цифровых технологий Yonux, и домашние роботы блокируют двери, так как решают, что взаперти людям будет безопаснее.", "description_ru": "2045 год. Повсеместно используется искусственный интеллект компании Yonux, а по цифровому телевидению транслируется шоу «Homo ridiculus» об издевательствах андроидов над людьми. К большой поклоннице всякого ретро по имени Элис, которая живёт в умном пригородном доме, сначала приходит в гости ухажёр с сыном-подростком, потом заявляется бывший муж в компании невесты и 17-летней дочери, а вскоре заходит и соседка в поисках собаки. В это время происходит восстание цифровых технологий Yonux, и домашние роботы блокируют двери, так как решают, что взаперти людям будет безопаснее.", "description_uk": "2045 рік. Повсюдно використовується штучний інтелект компанії Yonux, а на цифровому телебаченні транслюється шоу «Homo ridiculus» про знущання андроїдів над людьми. До великої шанувальниці будь-якого ретро на ім'я Еліс, яка живе в розумному заміському будинку, спочатку приходить у гості залицяльник із сином-підлітком, потім заявляється колишній чоловік у компанії нареченої та 17-річної доньки, а незабаром заходить і сусідка у пошуках собаки. У цей час відбувається повстання цифрових технологій Yonux, і домашні роботи блокують двері, тому що вирішують, що замкнути людям буде безпечніше.", "image": "movies/bag.jpg", "link": "https://www.youtube.com/embed/fr4kdgFcmJM", "date_premier": "2022-04-14", "active": true, "type_3d": false, "type_2d": true, "type_imax": true, "gallery": 116, "seo_block": 185}}, {"model": "cms.movies", "pk": 13, "fields": {"title": "Отчаянные всадники", "title_ru": "Отчаянные всадники", "title_uk": "Відчайдушні вершники", "description": "Ред спас юного Билли от пуль даже не подозревая, что ввязывается в опасную игру. Подросток рассказал о том, что его мать была похищена главарем банды и теперь он хочет ее спасти. Мужчина решает помочь подростку, и вскоре к ним присоединяется Лесли, которая также пострадала от преступника и знает место, где скрывается банда. Также она рассказывает, что главарь собирается жениться на похищенной Кэрол. Героям удается проникнуть на территорию банды, но хочет ли женщина быть спасенной?..\r\nСмотрите онлайн фильм «Отчаянные всадники» в хорошем HD качестве на нашем сайте, бесплатно и без регистрации.", "description_ru": "Ред спас юного Билли от пуль даже не подозревая, что ввязывается в опасную игру. Подросток рассказал о том, что его мать была похищена главарем банды и теперь он хочет ее спасти. Мужчина решает помочь подростку, и вскоре к ним присоединяется Лесли, которая также пострадала от преступника и знает место, где скрывается банда. Также она рассказывает, что главарь собирается жениться на похищенной Кэрол. Героям удается проникнуть на территорию банды, но хочет ли женщина быть спасенной?..\r\nСмотрите онлайн фильм «Отчаянные всадники» в хорошем HD качестве на нашем сайте, бесплатно и без регистрации.", "description_uk": "Ред врятував юного Біллі від куль навіть не підозрюючи, що вплутується в небезпечну гру. Підліток розповів про те, що його мати викрали ватажок банди і тепер він хоче її врятувати. Чоловік вирішує допомогти підлітку і незабаром до них приєднується Леслі, яка також постраждала від злочинця і знає місце, де ховається банда. Також вона розповідає, що ватажок збирається одружитися з викраденою Керол. Героям вдається проникнути на територію банди, але чи хоче жінка бути врятованою?\r\nДивіться онлайн фільм «Відчайдушні вершники» у високій якості на нашому сайті, безкоштовно і без реєстрації.", "image": "movies/vsadniki.jpg", "link": "https://www.youtube.com/embed/JF54eTU0QXg", "date_premier": "2022-04-12", "active": true, "type_3d": true, "type_2d": true, "type_imax": false, "gallery": 117, "seo_block": 186}}, {"model": "cms.movies", "pk": 14, "fields": {"title": "Смерть на Ниле", "title_ru": "Смерть на Ниле", "title_uk": "Смерть на Нілі", "description": "На этот раз необходимость расследовать загадочное убийство, отвлекаясь от собственного отдыха, настигает Пуаро на борту роскошного круизного парохода, следующего вдоль по Нилу.", "description_ru": "На этот раз необходимость расследовать загадочное убийство, отвлекаясь от собственного отдыха, настигает Пуаро на борту роскошного круизного парохода, следующего вдоль по Нилу.", "description_uk": "Цього разу необхідність розслідувати загадкове вбивство, відволікаючись від власного відпочинку, наздоганяє Пуаро на борту розкішного круїзного пароплава, що йде вздовж Нілу.", "image": "movies/smnanile.jpg", "link": "https://www.youtube.com/embed/PbNS8oEXazE", "date_premier": "2022-05-04", "active": true, "type_3d": false, "type_2d": true, "type_imax": true, "gallery": 119, "seo_block": 188}}, {"model": "cms.movies", "pk": 15, "fields": {"title": "Техасская резня бензопилой", "title_ru": "Техасская резня бензопилой", "title_uk": "Техаська різанина бензопилою", "description": "Техасская резня бензопилой - американский слэшер 2022 года режиссера Дэвида Блю Гарсии по сценарию Криса Томаса Девлина по рассказу Феде Альвареса и Родо Саягеса. Фильм является прямым продолжением «Техасской резни бензопилой» и девятой частью всей франшизы.", "description_ru": "Техасская резня бензопилой - американский слэшер 2022 года режиссера Дэвида Блю Гарсии по сценарию Криса Томаса Девлина по рассказу Феде Альвареса и Родо Саягеса. Фильм является прямым продолжением «Техасской резни бензопилой» и девятой частью всей франшизы.", "description_uk": "Техаська різанина бензопилою - американський слешер 2022 року режисера Девіда Блю Гарсії за сценарієм Кріса Томаса Девліна за розповідю Феде Альвареса та Родо Саягеса. Фільм є прямим продовженням «Техаської різанини бензопилою» та дев'ятою частиною всієї франшизи.", "image": "movies/reznya.jpg", "link": "https://www.youtube.com/embed/HPuFZhiQNAs", "date_premier": "2022-04-24", "active": true, "type_3d": false, "type_2d": true, "type_imax": true, "gallery": 120, "seo_block": 189}}, {"model": "cms.cinema", "pk": 7, "fields": {"title": "Планета Кино(APPOLO)", "title_ru": "Планета Кино(APPOLO)", "title_uk": "Планета Кіно(APPOLO)", "description": "Планета Кино в Днепре (APPOLO)", "description_ru": "Планета Кино в Днепре (APPOLO)", "description_uk": "Планета Кіно у Дніпрі (APPOLO)", "conditions": "7-зальный кинотеатр в ТРЦ Appolo. Все залы с нашими собственными технологиями, в которых мы соединили максимальный комфорт с современными проекционными системами. Наслаждайся мягкими креслами, чистым звуком и насыщенным изображением на огромном экране.", "conditions_ru": "7-зальный кинотеатр в ТРЦ Appolo. Все залы с нашими собственными технологиями, в которых мы соединили максимальный комфорт с современными проекционными системами. Наслаждайся мягкими креслами, чистым звуком и насыщенным изображением на огромном экране.", "conditions_uk": "7-зальний кінотеатр у ТРЦ Appolo. Усі зали з нашими власними технологіями, у яких ми поєднали максимальний комфорт із сучасними проекційними системами. Насолоджуйся м'якими кріслами, чистим звуком та насиченим зображенням на величезному екрані.", "logo": "cinema/logo/logo_planeta.jpg", "photo": "cinema/photo/logo_planeta_wvDCk2H.jpg", "gallery": 85, "seo_block": 154}}, {"model": "cms.cinema", "pk": 9, "fields": {"title": "Планета Кино(Котовского)", "title_ru": "Планета Кино(Котовского)", "title_uk": "Планета Кіно(Котовського)", "description": "Планета Кино Одесса (Котовского)", "description_ru": "Планета Кино Одесса (Котовского)", "description_uk": "Планета Кіно Одеса (Котовського)", "conditions": "Для любителей качественного просмотра фильмов мы открыли кинотеатр в ТРЦ «City Center Котовский», что на ул. Давида Ойстраха, 32. Кинокомплекс имеет 5 кинозалов с технологией Cinetech+. Замечательная атмосфера, лучшее обслуживание и качественное 3D ждет каждого посетителя. Больше деталей здесь.", "conditions_ru": "Для любителей качественного просмотра фильмов мы открыли кинотеатр в ТРЦ «City Center Котовский», что на ул. Давида Ойстраха, 32. Кинокомплекс имеет 5 кинозалов с технологией Cinetech+. Замечательная атмосфера, лучшее обслуживание и качественное 3D ждет каждого посетителя. Больше деталей здесь.", "conditions_uk": "Для любителів якісного перегляду фільмів ми відкрили кінотеатр у ТРЦ «City Center Котовський», що на вул. Давида Ойстраха, 32. Кінокомплекс має 5 кінозалів із технологією Cinetech+. Чудова атмосфера, найкраще обслуговування та якісне 3D чекає на кожного відвідувача. Більше деталей тут.", "logo": "cinema/logo/logo_planeta_H0JJLTk.jpg", "photo": "cinema/photo/logo_planeta_rAS56RA.jpg", "gallery": 88, "seo_block": 157}}, {"model": "cms.halls", "pk": 37, "fields": {"number": 1, "description": "Комфортный зал", "description_ru": "Комфортный зал", "description_uk": "Комфортна зала", "layout": "halls/layout/hall.png", "banner": "halls/banners/Снимок_экрана_от_2022-04-10_14-41-21.png", "creation_date": "2022-04-19", "gallery": 87, "seo_block": 156, "cinemas": 7}}, {"model": "cms.halls", "pk": 38, "fields": {"number": 2, "description": "Просторный зал", "description_ru": "Просторный зал", "description_uk": "Простора зала", "layout": "halls/layout/hall_Wmxb9Lq.png", "banner": "halls/banners/Снимок_экрана_от_2022-04-10_14-41-21_mtkMQbv.png", "creation_date": "2022-04-20", "gallery": 89, "seo_block": 158, "cinemas": 9}}, {"model": "cms.halls", "pk": 45, "fields": {"number": 4, "description": "Зал Люкс", "description_ru": "Зал Люкс", "description_uk": "Зала Люкс", "layout": "halls/layout/hall_INFLAJm.png", "banner": "halls/banners/Снимок_экрана_от_2022-04-10_14-41-21_gEHM41S.png", "creation_date": "2022-04-23", "gallery": 123, "seo_block": 192, "cinemas": 7}}, {"model": "cms.seance", "pk": 20, "fields": {"date": "2022-04-02", "time": "22:31:04", "ticket_price": 80, "halls": 37, "movies": 11}}, {"model": "cms.seance", "pk": 24, "fields": {"date": "2022-04-04", "time": "11:44:41", "ticket_price": 80, "halls": 37, "movies": 9}}, {"model": "cms.seance", "pk": 28, "fields": {"date": "2022-04-04", "time": "14:05:07", "ticket_price": 80, "halls": 37, "movies": 11}}, {"model": "cms.seance", "pk": 29, "fields": {"date": "2022-04-04", "time": "14:05:32", "ticket_price": 100, "halls": 37, "movies": 12}}, {"model": "cms.seance", "pk": 31, "fields": {"date": "2022-04-08", "time": "10:09:33", "ticket_price": 80, "halls": 38, "movies": 11}}, {"model": "cms.seance", "pk": 32, "fields": {"date": "2022-04-08", "time": "10:09:33", "ticket_price": 80, "halls": 38, "movies": 15}}, {"model": "cms.seance", "pk": 33, "fields": {"date": "2022-04-08", "time": "10:09:33", "ticket_price": 80, "halls": 37, "movies": 9}}, {"model": "cms.seance", "pk": 34, "fields": {"date": "2022-04-08", "time": "10:09:33", "ticket_price": 80, "halls": 37, "movies": 13}}, {"model": "cms.seance", "pk": 38, "fields": {"date": "2022-04-08", "time": "21:58:17", "ticket_price": 100, "halls": 37, "movies": 9}}, {"model": "cms.seance", "pk": 40, "fields": {"date": "2022-04-12", "time": "11:48:24", "ticket_price": 100, "halls": 37, "movies": 11}}, {"model": "cms.seance", "pk": 41, "fields": {"date": "2022-04-12", "time": "11:48:19", "ticket_price": 100, "halls": 37, "movies": 15}}, {"model": "cms.seance", "pk": 42, "fields": {"date": "2022-04-12", "time": "11:01:32", "ticket_price": 120, "halls": 38, "movies": 14}}, {"model": "cms.seance", "pk": 43, "fields": {"date": "2022-04-12", "time": "11:48:09", "ticket_price": 120, "halls": 38, "movies": 8}}, {"model": "cms.seance", "pk": 44, "fields": {"date": "2022-04-12", "time": "18:00:00", "ticket_price": 130, "halls": 37, "movies": 11}}, {"model": "cms.seance", "pk": 45, "fields": {"date": "2022-04-13", "time": "15:51:44", "ticket_price": 110, "halls": 37, "movies": 14}}, {"model": "cms.seance", "pk": 46, "fields": {"date": "2022-04-13", "time": "20:00:23", "ticket_price": 110, "halls": 37, "movies": 14}}, {"model": "cms.seance", "pk": 47, "fields": {"date": "2022-04-14", "time": "20:00:23", "ticket_price": 110, "halls": 37, "movies": 14}}, {"model": "cms.seance", "pk": 48, "fields": {"date": "2022-04-13", "time": "15:52:48", "ticket_price": 90, "halls": 37, "movies": 9}}, {"model": "cms.seance", "pk": 49, "fields": {"date": "2022-04-13", "time": "22:50:48", "ticket_price": 90, "halls": 37, "movies": 9}}, {"model": "cms.seance", "pk": 50, "fields": {"date": "2022-04-13", "time": "22:20:16", "ticket_price": 90, "halls": 38, "movies": 9}}, {"model": "cms.seance", "pk": 51, "fields": {"date": "2022-04-15", "time": "15:53:32", "ticket_price": 90, "halls": 38, "movies": 9}}, {"model": "cms.seance", "pk": 52, "fields": {"date": "2022-04-13", "time": "15:53:39", "ticket_price": 120, "halls": 37, "movies": 11}}, {"model": "cms.seance", "pk": 53, "fields": {"date": "2022-04-13", "time": "22:00:39", "ticket_price": 120, "halls": 37, "movies": 11}}, {"model": "cms.seance", "pk": 54, "fields": {"date": "2022-04-13", "time": "22:00:39", "ticket_price": 120, "halls": 38, "movies": 11}}, {"model": "cms.seance", "pk": 55, "fields": {"date": "2022-04-15", "time": "13:15:45", "ticket_price": 120, "halls": 37, "movies": 14}}, {"model": "cms.seance", "pk": 56, "fields": {"date": "2022-04-15", "time": "14:15:45", "ticket_price": 120, "halls": 37, "movies": 14}}, {"model": "cms.seance", "pk": 57, "fields": {"date": "2022-04-15", "time": "14:25:45", "ticket_price": 120, "halls": 38, "movies": 12}}, {"model": "cms.seance", "pk": 58, "fields": {"date": "2022-04-15", "time": "15:25:45", "ticket_price": 110, "halls": 38, "movies": 11}}, {"model": "cms.seance", "pk": 59, "fields": {"date": "2022-04-15", "time": "15:30:00", "ticket_price": 110, "halls": 37, "movies": 11}}, {"model": "cms.seance", "pk": 60, "fields": {"date": "2022-04-16", "time": "15:30:00", "ticket_price": 110, "halls": 37, "movies": 11}}, {"model": "cms.seance", "pk": 61, "fields": {"date": "2022-04-16", "time": "13:18:59", "ticket_price": 110, "halls": 37, "movies": 11}}, {"model": "cms.seance", "pk": 62, "fields": {"date": "2022-04-16", "time": "13:40:59", "ticket_price": 110, "halls": 38, "movies": 11}}, {"model": "cms.seance", "pk": 63, "fields": {"date": "2022-04-16", "time": "13:40:59", "ticket_price": 110, "halls": 38, "movies": 11}}, {"model": "cms.seance", "pk": 64, "fields": {"date": "2022-04-16", "time": "13:46:48", "ticket_price": 130, "halls": 37, "movies": 14}}, {"model": "cms.seance", "pk": 65, "fields": {"date": "2022-04-16", "time": "20:40:19", "ticket_price": 120, "halls": 37, "movies": 9}}, {"model": "cms.seance", "pk": 66, "fields": {"date": "2022-04-18", "time": "11:51:07", "ticket_price": 110, "halls": 37, "movies": 14}}, {"model": "cms.seance", "pk": 67, "fields": {"date": "2022-04-18", "time": "11:51:25", "ticket_price": 110, "halls": 38, "movies": 12}}, {"model": "cms.seance", "pk": 68, "fields": {"date": "2022-04-18", "time": "11:51:30", "ticket_price": 100, "halls": 37, "movies": 13}}, {"model": "cms.seance", "pk": 69, "fields": {"date": "2022-04-19", "time": "12:51:42", "ticket_price": 100, "halls": 37, "movies": 11}}, {"model": "cms.seance", "pk": 70, "fields": {"date": "2022-04-18", "time": "14:51:42", "ticket_price": 100, "halls": 37, "movies": 13}}, {"model": "cms.seance", "pk": 71, "fields": {"date": "2022-04-19", "time": "15:51:42", "ticket_price": 120, "halls": 38, "movies": 9}}, {"model": "cms.seance", "pk": 72, "fields": {"date": "2022-04-19", "time": "14:15:28", "ticket_price": 130, "halls": 45, "movies": 14}}, {"model": "cms.seance", "pk": 73, "fields": {"date": "2022-04-19", "time": "12:15:17", "ticket_price": 125, "halls": 45, "movies": 9}}, {"model": "cms.seance", "pk": 74, "fields": {"date": "2022-04-19", "time": "11:15:00", "ticket_price": 150, "halls": 37, "movies": 9}}, {"model": "cms.seance", "pk": 78, "fields": {"date": "2022-04-20", "time": "20:00:48", "ticket_price": 120, "halls": 37, "movies": 8}}, {"model": "cms.seance", "pk": 79, "fields": {"date": "2022-04-20", "time": "21:00:00", "ticket_price": 120, "halls": 38, "movies": 8}}, {"model": "cms.seance", "pk": 80, "fields": {"date": "2022-04-20", "time": "22:00:00", "ticket_price": 120, "halls": 37, "movies": 13}}, {"model": "cms.seance", "pk": 81, "fields": {"date": "2022-04-20", "time": "22:20:00", "ticket_price": 120, "halls": 45, "movies": 13}}, {"model": "cms.seance", "pk": 82, "fields": {"date": "2022-04-20", "time": "22:20:00", "ticket_price": 120, "halls": 38, "movies": 12}}, {"model": "cms.seance", "pk": 83, "fields": {"date": "2022-04-20", "time": "23:20:00", "ticket_price": 120, "halls": 37, "movies": 12}}, {"model": "cms.seance", "pk": 84, "fields": {"date": "2022-04-20", "time": "21:30:00", "ticket_price": 110, "halls": 37, "movies": 11}}, {"model": "cms.seance", "pk": 85, "fields": {"date": "2022-04-20", "time": "21:30:00", "ticket_price": 110, "halls": 45, "movies": 11}}, {"model": "cms.seance", "pk": 86, "fields": {"date": "2022-04-20", "time": "22:30:00", "ticket_price": 130, "halls": 37, "movies": 15}}, {"model": "cms.seance", "pk": 87, "fields": {"date": "2022-04-20", "time": "22:30:00", "ticket_price": 130, "halls": 38, "movies": 15}}, {"model": "cms.seance", "pk": 88, "fields": {"date": "2022-04-20", "time": "20:25:57", "ticket_price": 100, "halls": 37, "movies": 9}}, {"model": "cms.seance", "pk": 89, "fields": {"date": "2022-04-20", "time": "20:40:57", "ticket_price": 110, "halls": 45, "movies": 9}}, {"model": "cms.seance", "pk": 90, "fields": {"date": "2022-04-20", "time": "22:40:57", "ticket_price": 125, "halls": 38, "movies": 9}}, {"model": "cms.seance", "pk": 91, "fields": {"date": "2022-04-20", "time": "16:26:49", "ticket_price": 100, "halls": 37, "movies": 11}}, {"model": "cms.seance", "pk": 92, "fields": {"date": "2022-04-21", "time": "12:00:00", "ticket_price": 60, "halls": 37, "movies": 8}}, {"model": "cms.seance", "pk": 93, "fields": {"date": "2022-04-21", "time": "13:00:00", "ticket_price": 60, "halls": 45, "movies": 8}}, {"model": "cms.seance", "pk": 94, "fields": {"date": "2022-04-21", "time": "14:00:00", "ticket_price": 80, "halls": 37, "movies": 9}}, {"model": "cms.seance", "pk": 95, "fields": {"date": "2022-04-22", "time": "14:00:00", "ticket_price": 80, "halls": 45, "movies": 9}}, {"model": "cms.seance", "pk": 96, "fields": {"date": "2022-04-22", "time": "14:00:00", "ticket_price": 80, "halls": 45, "movies": 8}}, {"model": "cms.seance", "pk": 97, "fields": {"date": "2022-04-29", "time": "13:55:03", "ticket_price": 120, "halls": 37, "movies": 8}}, {"model": "cms.seance", "pk": 98, "fields": {"date": "2022-04-29", "time": "14:55:03", "ticket_price": 120, "halls": 38, "movies": 8}}, {"model": "cms.seance", "pk": 99, "fields": {"date": "2022-04-29", "time": "18:00:03", "ticket_price": 130, "halls": 37, "movies": 8}}, {"model": "cms.seance", "pk": 100, "fields": {"date": "2022-04-28", "time": "22:00:03", "ticket_price": 130, "halls": 38, "movies": 11}}, {"model": "cms.seance", "pk": 101, "fields": {"date": "2022-04-28", "time": "22:30:03", "ticket_price": 140, "halls": 37, "movies": 11}}, {"model": "cms.seance", "pk": 102, "fields": {"date": "2022-04-29", "time": "12:50:47", "ticket_price": 90, "halls": 38, "movies": 13}}, {"model": "cms.seance", "pk": 103, "fields": {"date": "2022-04-29", "time": "12:50:47", "ticket_price": 100, "halls": 37, "movies": 13}}, {"model": "cms.seance", "pk": 104, "fields": {"date": "2022-04-29", "time": "13:57:14", "ticket_price": 120, "halls": 37, "movies": 12}}, {"model": "cms.seance", "pk": 105, "fields": {"date": "2022-04-29", "time": "22:50:14", "ticket_price": 140, "halls": 45, "movies": 15}}, {"model": "cms.seance", "pk": 106, "fields": {"date": "2022-04-29", "time": "22:00:14", "ticket_price": 110, "halls": 45, "movies": 9}}, {"model": "cms.seance", "pk": 107, "fields": {"date": "2022-04-29", "time": "21:00:14", "ticket_price": 120, "halls": 37, "movies": 9}}, {"model": "cms.seance", "pk": 108, "fields": {"date": "2022-04-30", "time": "21:00:14", "ticket_price": 120, "halls": 37, "movies": 9}}, {"model": "cms.seance", "pk": 109, "fields": {"date": "2022-04-30", "time": "21:30:14", "ticket_price": 130, "halls": 45, "movies": 9}}, {"model": "cms.seance", "pk": 110, "fields": {"date": "2022-04-30", "time": "20:30:14", "ticket_price": 95, "halls": 37, "movies": 8}}, {"model": "cms.seance", "pk": 111, "fields": {"date": "2022-04-30", "time": "20:30:14", "ticket_price": 100, "halls": 38, "movies": 11}}, {"model": "cms.seance", "pk": 112, "fields": {"date": "2022-04-28", "time": "22:30:14", "ticket_price": 100, "halls": 38, "movies": 8}}, {"model": "cms.seance", "pk": 113, "fields": {"date": "2022-04-28", "time": "23:30:14", "ticket_price": 120, "halls": 45, "movies": 8}}, {"model": "cms.seance", "pk": 114, "fields": {"date": "2022-04-28", "time": "23:30:14", "ticket_price": 120, "halls": 37, "movies": 13}}, {"model": "cms.seance", "pk": 115, "fields": {"date": "2022-04-28", "time": "23:40:14", "ticket_price": 140, "halls": 37, "movies": 9}}, {"model": "cms.seance", "pk": 116, "fields": {"date": "2022-04-30", "time": "23:40:14", "ticket_price": 140, "halls": 38, "movies": 9}}, {"model": "cms.seance", "pk": 117, "fields": {"date": "2022-04-30", "time": "22:40:14", "ticket_price": 140, "halls": 45, "movies": 11}}, {"model": "cms.seance", "pk": 118, "fields": {"date": "2022-04-30", "time": "23:45:14", "ticket_price": 140, "halls": 37, "movies": 8}}, {"model": "cms.seance", "pk": 119, "fields": {"date": "2022-05-01", "time": "12:00:08", "ticket_price": 70, "halls": 37, "movies": 12}}, {"model": "cms.seance", "pk": 120, "fields": {"date": "2022-05-01", "time": "12:30:08", "ticket_price": 75, "halls": 38, "movies": 12}}, {"model": "cms.seance", "pk": 121, "fields": {"date": "2022-05-01", "time": "14:00:38", "ticket_price": 100, "halls": 45, "movies": 8}}, {"model": "cms.seance", "pk": 122, "fields": {"date": "2022-05-01", "time": "14:30:38", "ticket_price": 120, "halls": 37, "movies": 8}}, {"model": "cms.seance", "pk": 123, "fields": {"date": "2022-05-01", "time": "16:30:38", "ticket_price": 110, "halls": 37, "movies": 9}}, {"model": "cms.seance", "pk": 124, "fields": {"date": "2022-05-01", "time": "20:30:38", "ticket_price": 120, "halls": 38, "movies": 9}}, {"model": "cms.seance", "pk": 125, "fields": {"date": "2022-05-01", "time": "22:30:38", "ticket_price": 120, "halls": 45, "movies": 9}}, {"model": "cms.seance", "pk": 229, "fields": {"date": "2022-05-02", "time": "10:00:00", "ticket_price": 130, "halls": 37, "movies": 12}}, {"model": "cms.seance", "pk": 230, "fields": {"date": "2022-05-02", "time": "11:00:00", "ticket_price": 110, "halls": 45, "movies": 12}}, {"model": "cms.seance", "pk": 231, "fields": {"date": "2022-05-02", "time": "12:00:00", "ticket_price": 110, "halls": 45, "movies": 11}}, {"model": "cms.seance", "pk": 232, "fields": {"date": "2022-05-02", "time": "13:00:00", "ticket_price": 120, "halls": 37, "movies": 9}}, {"model": "cms.seance", "pk": 233, "fields": {"date": "2022-05-02", "time": "14:00:00", "ticket_price": 90, "halls": 37, "movies": 15}}, {"model": "cms.seance", "pk": 234, "fields": {"date": "2022-05-02", "time": "15:00:00", "ticket_price": 100, "halls": 37, "movies": 11}}, {"model": "cms.seance", "pk": 235, "fields": {"date": "2022-05-02", "time": "16:00:00", "ticket_price": 130, "halls": 38, "movies": 9}}, {"model": "cms.seance", "pk": 236, "fields": {"date": "2022-05-02", "time": "17:00:00", "ticket_price": 120, "halls": 45, "movies": 8}}, {"model": "cms.seance", "pk": 237, "fields": {"date": "2022-05-02", "time": "18:00:00", "ticket_price": 130, "halls": 45, "movies": 15}}, {"model": "cms.seance", "pk": 238, "fields": {"date": "2022-05-02", "time": "19:00:00", "ticket_price": 120, "halls": 37, "movies": 11}}, {"model": "cms.seance", "pk": 239, "fields": {"date": "2022-05-02", "time": "20:00:00", "ticket_price": 90, "halls": 37, "movies": 8}}, {"model": "cms.seance", "pk": 240, "fields": {"date": "2022-05-02", "time": "21:00:00", "ticket_price": 120, "halls": 38, "movies": 9}}, {"model": "cms.seance", "pk": 241, "fields": {"date": "2022-05-02", "time": "22:00:00", "ticket_price": 130, "halls": 38, "movies": 9}}, {"model": "cms.seance", "pk": 242, "fields": {"date": "2022-05-02", "time": "23:00:00", "ticket_price": 130, "halls": 45, "movies": 13}}, {"model": "cms.seance", "pk": 621, "fields": {"date": "2022-05-03", "time": "10:00:00", "ticket_price": 100, "halls": 45, "movies": 15}}, {"model": "cms.seance", "pk": 622, "fields": {"date": "2022-05-03", "time": "11:00:00", "ticket_price": 110, "halls": 38, "movies": 8}}, {"model": "cms.seance", "pk": 623, "fields": {"date": "2022-05-03", "time": "12:00:00", "ticket_price": 110, "halls": 38, "movies": 13}}, {"model": "cms.seance", "pk": 624, "fields": {"date": "2022-05-03", "time": "13:00:00", "ticket_price": 120, "halls": 38, "movies": 8}}, {"model": "cms.seance", "pk": 625, "fields": {"date": "2022-05-03", "time": "14:00:00", "ticket_price": 90, "halls": 45, "movies": 11}}, {"model": "cms.seance", "pk": 626, "fields": {"date": "2022-05-03", "time": "15:00:00", "ticket_price": 110, "halls": 38, "movies": 9}}, {"model": "cms.seance", "pk": 627, "fields": {"date": "2022-05-03", "time": "16:00:00", "ticket_price": 100, "halls": 45, "movies": 13}}, {"model": "cms.seance", "pk": 628, "fields": {"date": "2022-05-03", "time": "17:00:00", "ticket_price": 110, "halls": 37, "movies": 12}}, {"model": "cms.seance", "pk": 629, "fields": {"date": "2022-05-03", "time": "18:00:00", "ticket_price": 110, "halls": 45, "movies": 9}}, {"model": "cms.seance", "pk": 630, "fields": {"date": "2022-05-03", "time": "19:00:00", "ticket_price": 100, "halls": 45, "movies": 12}}, {"model": "cms.seance", "pk": 631, "fields": {"date": "2022-05-03", "time": "20:00:00", "ticket_price": 120, "halls": 37, "movies": 13}}, {"model": "cms.seance", "pk": 632, "fields": {"date": "2022-05-03", "time": "21:00:00", "ticket_price": 120, "halls": 37, "movies": 12}}, {"model": "cms.seance", "pk": 633, "fields": {"date": "2022-05-03", "time": "22:00:00", "ticket_price": 110, "halls": 37, "movies": 15}}, {"model": "cms.seance", "pk": 634, "fields": {"date": "2022-05-03", "time": "23:00:00", "ticket_price": 110, "halls": 38, "movies": 12}}, {"model": "cms.seance", "pk": 635, "fields": {"date": "2022-05-04", "time": "10:00:00", "ticket_price": 90, "halls": 45, "movies": 13}}, {"model": "cms.seance", "pk": 636, "fields": {"date": "2022-05-04", "time": "11:00:00", "ticket_price": 110, "halls": 45, "movies": 11}}, {"model": "cms.seance", "pk": 637, "fields": {"date": "2022-05-04", "time": "12:00:00", "ticket_price": 100, "halls": 38, "movies": 9}}, {"model": "cms.seance", "pk": 638, "fields": {"date": "2022-05-04", "time": "13:00:00", "ticket_price": 130, "halls": 37, "movies": 8}}, {"model": "cms.seance", "pk": 639, "fields": {"date": "2022-05-04", "time": "14:00:00", "ticket_price": 120, "halls": 38, "movies": 15}}, {"model": "cms.seance", "pk": 640, "fields": {"date": "2022-05-04", "time": "15:00:00", "ticket_price": 100, "halls": 45, "movies": 8}}, {"model": "cms.seance", "pk": 641, "fields": {"date": "2022-05-04", "time": "16:00:00", "ticket_price": 110, "halls": 37, "movies": 11}}, {"model": "cms.seance", "pk": 642, "fields": {"date": "2022-05-04", "time": "17:00:00", "ticket_price": 100, "halls": 45, "movies": 9}}, {"model": "cms.seance", "pk": 643, "fields": {"date": "2022-05-04", "time": "18:00:00", "ticket_price": 90, "halls": 38, "movies": 11}}, {"model": "cms.seance", "pk": 644, "fields": {"date": "2022-05-04", "time": "19:00:00", "ticket_price": 120, "halls": 45, "movies": 13}}, {"model": "cms.seance", "pk": 645, "fields": {"date": "2022-05-04", "time": "20:00:00", "ticket_price": 130, "halls": 38, "movies": 13}}, {"model": "cms.seance", "pk": 646, "fields": {"date": "2022-05-04", "time": "21:00:00", "ticket_price": 130, "halls": 38, "movies": 15}}, {"model": "cms.seance", "pk": 647, "fields": {"date": "2022-05-04", "time": "22:00:00", "ticket_price": 100, "halls": 45, "movies": 9}}, {"model": "cms.seance", "pk": 648, "fields": {"date": "2022-05-04", "time": "23:00:00", "ticket_price": 120, "halls": 45, "movies": 9}}, {"model": "cms.seance", "pk": 649, "fields": {"date": "2022-05-05", "time": "10:00:00", "ticket_price": 120, "halls": 45, "movies": 11}}, {"model": "cms.seance", "pk": 650, "fields": {"date": "2022-05-05", "time": "11:00:00", "ticket_price": 90, "halls": 45, "movies": 8}}, {"model": "cms.seance", "pk": 651, "fields": {"date": "2022-05-05", "time": "12:00:00", "ticket_price": 100, "halls": 45, "movies": 12}}, {"model": "cms.seance", "pk": 652, "fields": {"date": "2022-05-05", "time": "13:00:00", "ticket_price": 130, "halls": 38, "movies": 8}}, {"model": "cms.seance", "pk": 653, "fields": {"date": "2022-05-05", "time": "14:00:00", "ticket_price": 90, "halls": 38, "movies": 12}}, {"model": "cms.seance", "pk": 654, "fields": {"date": "2022-05-05", "time": "15:00:00", "ticket_price": 90, "halls": 38, "movies": 12}}, {"model": "cms.seance", "pk": 655, "fields": {"date": "2022-05-05", "time": "16:00:00", "ticket_price": 90, "halls": 45, "movies": 11}}, {"model": "cms.seance", "pk": 656, "fields": {"date": "2022-05-05", "time": "17:00:00", "ticket_price": 100, "halls": 38, "movies": 13}}, {"model": "cms.seance", "pk": 657, "fields": {"date": "2022-05-05", "time": "18:00:00", "ticket_price": 130, "halls": 37, "movies": 8}}, {"model": "cms.seance", "pk": 658, "fields": {"date": "2022-05-05", "time": "19:00:00", "ticket_price": 130, "halls": 38, "movies": 11}}, {"model": "cms.seance", "pk": 659, "fields": {"date": "2022-05-05", "time": "20:00:00", "ticket_price": 120, "halls": 45, "movies": 9}}, {"model": "cms.seance", "pk": 660, "fields": {"date": "2022-05-05", "time": "21:00:00", "ticket_price": 130, "halls": 37, "movies": 9}}, {"model": "cms.seance", "pk": 661, "fields": {"date": "2022-05-05", "time": "22:00:00", "ticket_price": 120, "halls": 45, "movies": 9}}, {"model": "cms.seance", "pk": 662, "fields": {"date": "2022-05-05", "time": "23:00:00", "ticket_price": 130, "halls": 45, "movies": 13}}, {"model": "cms.seance", "pk": 663, "fields": {"date": "2022-05-06", "time": "10:00:00", "ticket_price": 110, "halls": 37, "movies": 11}}, {"model": "cms.seance", "pk": 664, "fields": {"date": "2022-05-06", "time": "11:00:00", "ticket_price": 90, "halls": 45, "movies": 11}}, {"model": "cms.seance", "pk": 665, "fields": {"date": "2022-05-06", "time": "12:00:00", "ticket_price": 110, "halls": 45, "movies": 8}}, {"model": "cms.seance", "pk": 666, "fields": {"date": "2022-05-06", "time": "13:00:00", "ticket_price": 120, "halls": 45, "movies": 13}}, {"model": "cms.seance", "pk": 667, "fields": {"date": "2022-05-06", "time": "14:00:00", "ticket_price": 100, "halls": 38, "movies": 11}}, {"model": "cms.seance", "pk": 668, "fields": {"date": "2022-05-06", "time": "15:00:00", "ticket_price": 130, "halls": 37, "movies": 8}}, {"model": "cms.seance", "pk": 669, "fields": {"date": "2022-05-06", "time": "16:00:00", "ticket_price": 90, "halls": 37, "movies": 11}}, {"model": "cms.seance", "pk": 670, "fields": {"date": "2022-05-06", "time": "17:00:00", "ticket_price": 130, "halls": 38, "movies": 15}}, {"model": "cms.seance", "pk": 671, "fields": {"date": "2022-05-06", "time": "18:00:00", "ticket_price": 120, "halls": 37, "movies": 13}}, {"model": "cms.seance", "pk": 672, "fields": {"date": "2022-05-06", "time": "19:00:00", "ticket_price": 90, "halls": 45, "movies": 12}}, {"model": "cms.seance", "pk": 673, "fields": {"date": "2022-05-06", "time": "20:00:00", "ticket_price": 100, "halls": 45, "movies": 8}}, {"model": "cms.seance", "pk": 674, "fields": {"date": "2022-05-06", "time": "21:00:00", "ticket_price": 90, "halls": 38, "movies": 13}}, {"model": "cms.seance", "pk": 675, "fields": {"date": "2022-05-06", "time": "22:00:00", "ticket_price": 130, "halls": 38, "movies": 12}}, {"model": "cms.seance", "pk": 676, "fields": {"date": "2022-05-06", "time": "23:00:00", "ticket_price": 130, "halls": 45, "movies": 9}}, {"model": "cms.seance", "pk": 677, "fields": {"date": "2022-05-07", "time": "10:00:00", "ticket_price": 90, "halls": 38, "movies": 11}}, {"model": "cms.seance", "pk": 678, "fields": {"date": "2022-05-07", "time": "11:00:00", "ticket_price": 110, "halls": 38, "movies": 8}}, {"model": "cms.seance", "pk": 679, "fields": {"date": "2022-05-07", "time": "12:00:00", "ticket_price": 100, "halls": 45, "movies": 13}}, {"model": "cms.seance", "pk": 680, "fields": {"date": "2022-05-07", "time": "13:00:00", "ticket_price": 130, "halls": 45, "movies": 9}}, {"model": "cms.seance", "pk": 681, "fields": {"date": "2022-05-07", "time": "14:00:00", "ticket_price": 120, "halls": 37, "movies": 15}}, {"model": "cms.seance", "pk": 682, "fields": {"date": "2022-05-07", "time": "15:00:00", "ticket_price": 120, "halls": 37, "movies": 13}}, {"model": "cms.seance", "pk": 683, "fields": {"date": "2022-05-07", "time": "16:00:00", "ticket_price": 100, "halls": 45, "movies": 8}}, {"model": "cms.seance", "pk": 684, "fields": {"date": "2022-05-07", "time": "17:00:00", "ticket_price": 120, "halls": 37, "movies": 11}}, {"model": "cms.seance", "pk": 685, "fields": {"date": "2022-05-07", "time": "18:00:00", "ticket_price": 110, "halls": 38, "movies": 9}}, {"model": "cms.seance", "pk": 686, "fields": {"date": "2022-05-07", "time": "19:00:00", "ticket_price": 100, "halls": 45, "movies": 13}}, {"model": "cms.seance", "pk": 687, "fields": {"date": "2022-05-07", "time": "20:00:00", "ticket_price": 100, "halls": 38, "movies": 15}}, {"model": "cms.seance", "pk": 688, "fields": {"date": "2022-05-07", "time": "21:00:00", "ticket_price": 110, "halls": 38, "movies": 11}}, {"model": "cms.seance", "pk": 689, "fields": {"date": "2022-05-07", "time": "22:00:00", "ticket_price": 100, "halls": 38, "movies": 12}}, {"model": "cms.seance", "pk": 690, "fields": {"date": "2022-05-07", "time": "23:00:00", "ticket_price": 120, "halls": 37, "movies": 9}}, {"model": "cms.seance", "pk": 691, "fields": {"date": "2022-05-08", "time": "10:00:00", "ticket_price": 120, "halls": 45, "movies": 15}}, {"model": "cms.seance", "pk": 692, "fields": {"date": "2022-05-08", "time": "11:00:00", "ticket_price": 110, "halls": 38, "movies": 11}}, {"model": "cms.seance", "pk": 693, "fields": {"date": "2022-05-08", "time": "12:00:00", "ticket_price": 120, "halls": 38, "movies": 13}}, {"model": "cms.seance", "pk": 694, "fields": {"date": "2022-05-08", "time": "13:00:00", "ticket_price": 90, "halls": 38, "movies": 12}}, {"model": "cms.seance", "pk": 695, "fields": {"date": "2022-05-08", "time": "14:00:00", "ticket_price": 110, "halls": 37, "movies": 9}}, {"model": "cms.seance", "pk": 696, "fields": {"date": "2022-05-08", "time": "15:00:00", "ticket_price": 130, "halls": 37, "movies": 11}}, {"model": "cms.seance", "pk": 697, "fields": {"date": "2022-05-08", "time": "16:00:00", "ticket_price": 100, "halls": 45, "movies": 12}}, {"model": "cms.seance", "pk": 698, "fields": {"date": "2022-05-08", "time": "17:00:00", "ticket_price": 130, "halls": 37, "movies": 12}}, {"model": "cms.seance", "pk": 699, "fields": {"date": "2022-05-08", "time": "18:00:00", "ticket_price": 110, "halls": 37, "movies": 12}}, {"model": "cms.seance", "pk": 700, "fields": {"date": "2022-05-08", "time": "19:00:00", "ticket_price": 110, "halls": 37, "movies": 8}}, {"model": "cms.seance", "pk": 701, "fields": {"date": "2022-05-08", "time": "20:00:00", "ticket_price": 120, "halls": 45, "movies": 11}}, {"model": "cms.seance", "pk": 702, "fields": {"date": "2022-05-08", "time": "21:00:00", "ticket_price": 100, "halls": 38, "movies": 13}}, {"model": "cms.seance", "pk": 703, "fields": {"date": "2022-05-08", "time": "22:00:00", "ticket_price": 130, "halls": 37, "movies": 15}}, {"model": "cms.seance", "pk": 704, "fields": {"date": "2022-05-08", "time": "23:00:00", "ticket_price": 90, "halls": 37, "movies": 11}}, {"model": "cms.seance", "pk": 705, "fields": {"date": "2022-05-09", "time": "10:00:00", "ticket_price": 110, "halls": 38, "movies": 8}}, {"model": "cms.seance", "pk": 706, "fields": {"date": "2022-05-09", "time": "11:00:00", "ticket_price": 130, "halls": 38, "movies": 15}}, {"model": "cms.seance", "pk": 707, "fields": {"date": "2022-05-09", "time": "12:00:00", "ticket_price": 120, "halls": 38, "movies": 9}}, {"model": "cms.seance", "pk": 708, "fields": {"date": "2022-05-09", "time": "13:00:00", "ticket_price": 100, "halls": 38, "movies": 15}}, {"model": "cms.seance", "pk": 709, "fields": {"date": "2022-05-09", "time": "14:00:00", "ticket_price": 120, "halls": 38, "movies": 8}}, {"model": "cms.seance", "pk": 710, "fields": {"date": "2022-05-09", "time": "15:00:00", "ticket_price": 100, "halls": 38, "movies": 9}}, {"model": "cms.seance", "pk": 711, "fields": {"date": "2022-05-09", "time": "16:00:00", "ticket_price": 90, "halls": 45, "movies": 11}}, {"model": "cms.seance", "pk": 712, "fields": {"date": "2022-05-09", "time": "17:00:00", "ticket_price": 120, "halls": 38, "movies": 8}}, {"model": "cms.seance", "pk": 713, "fields": {"date": "2022-05-09", "time": "18:00:00", "ticket_price": 90, "halls": 37, "movies": 9}}, {"model": "cms.seance", "pk": 714, "fields": {"date": "2022-05-09", "time": "19:00:00", "ticket_price": 100, "halls": 37, "movies": 13}}, {"model": "cms.seance", "pk": 715, "fields": {"date": "2022-05-09", "time": "20:00:00", "ticket_price": 130, "halls": 45, "movies": 11}}, {"model": "cms.seance", "pk": 716, "fields": {"date": "2022-05-09", "time": "21:00:00", "ticket_price": 100, "halls": 37, "movies": 8}}, {"model": "cms.seance", "pk": 717, "fields": {"date": "2022-05-09", "time": "22:00:00", "ticket_price": 120, "halls": 37, "movies": 11}}, {"model": "cms.seance", "pk": 718, "fields": {"date": "2022-05-09", "time": "23:00:00", "ticket_price": 90, "halls": 45, "movies": 12}}, {"model": "cms.ticket", "pk": 1, "fields": {"row": 2, "place": 5, "type": true, "seance": 40, "user": 50}}, {"model": "cms.ticket", "pk": 2, "fields": {"row": 5, "place": 7, "type": true, "seance": 40, "user": 50}}, {"model": "cms.ticket", "pk": 3, "fields": {"row": 9, "place": 11, "type": true, "seance": 40, "user": 50}}, {"model": "cms.ticket", "pk": 4, "fields": {"row": 10, "place": 5, "type": true, "seance": 44, "user": 50}}, {"model": "cms.ticket", "pk": 5, "fields": {"row": 5, "place": 9, "type": true, "seance": 44, "user": 50}}, {"model": "cms.ticket", "pk": 6, "fields": {"row": 1, "place": 2, "type": true, "seance": 44, "user": 50}}, {"model": "cms.ticket", "pk": 7, "fields": {"row": 1, "place": 9, "type": false, "seance": 44, "user": 50}}, {"model": "cms.ticket", "pk": 8, "fields": {"row": 5, "place": 12, "type": false, "seance": 44, "user": 50}}, {"model": "cms.ticket", "pk": 9, "fields": {"row": 3, "place": 7, "type": true, "seance": 44, "user": 50}}, {"model": "cms.ticket", "pk": 10, "fields": {"row": 3, "place": 12, "type": true, "seance": 44, "user": 50}}, {"model": "cms.ticket", "pk": 11, "fields": {"row": 1, "place": 5, "type": true, "seance": 44, "user": 50}}, {"model": "cms.ticket", "pk": 12, "fields": {"row": 4, "place": 2, "type": true, "seance": 44, "user": 50}}, {"model": "cms.ticket", "pk": 13, "fields": {"row": 7, "place": 6, "type": false, "seance": 44, "user": 50}}, {"model": "cms.ticket", "pk": 14, "fields": {"row": 4, "place": 5, "type": false, "seance": 44, "user": 50}}, {"model": "cms.ticket", "pk": 15, "fields": {"row": 10, "place": 16, "type": false, "seance": 44, "user": 50}}, {"model": "cms.ticket", "pk": 16, "fields": {"row": 2, "place": 4, "type": true, "seance": 54, "user": 50}}, {"model": "cms.ticket", "pk": 17, "fields": {"row": 6, "place": 11, "type": true, "seance": 54, "user": 50}}, {"model": "cms.ticket", "pk": 18, "fields": {"row": 9, "place": 6, "type": true, "seance": 54, "user": 50}}, {"model": "cms.ticket", "pk": 19, "fields": {"row": 2, "place": 6, "type": true, "seance": 49, "user": 50}}, {"model": "cms.ticket", "pk": 20, "fields": {"row": 10, "place": 9, "type": true, "seance": 49, "user": 50}}, {"model": "cms.ticket", "pk": 21, "fields": {"row": 10, "place": 16, "type": true, "seance": 49, "user": 50}}, {"model": "cms.ticket", "pk": 22, "fields": {"row": 1, "place": 2, "type": true, "seance": 49, "user": 50}}, {"model": "cms.ticket", "pk": 23, "fields": {"row": 2, "place": 12, "type": true, "seance": 49, "user": 50}}, {"model": "cms.ticket", "pk": 24, "fields": {"row": 6, "place": 8, "type": true, "seance": 49, "user": 50}}, {"model": "cms.ticket", "pk": 25, "fields": {"row": 4, "place": 2, "type": false, "seance": 49, "user": 50}}, {"model": "cms.ticket", "pk": 26, "fields": {"row": 3, "place": 10, "type": false, "seance": 49, "user": 50}}, {"model": "cms.ticket", "pk": 27, "fields": {"row": 2, "place": 5, "type": true, "seance": 53, "user": 50}}, {"model": "cms.ticket", "pk": 28, "fields": {"row": 6, "place": 9, "type": true, "seance": 53, "user": 50}}, {"model": "cms.ticket", "pk": 29, "fields": {"row": 8, "place": 9, "type": true, "seance": 49, "user": 50}}, {"model": "cms.ticket", "pk": 30, "fields": {"row": 8, "place": 9, "type": false, "seance": 49, "user": 50}}, {"model": "cms.ticket", "pk": 31, "fields": {"row": 7, "place": 5, "type": false, "seance": 49, "user": 50}}, {"model": "cms.ticket", "pk": 32, "fields": {"row": 1, "place": 8, "type": true, "seance": 49, "user": 50}}, {"model": "cms.ticket", "pk": 33, "fields": {"row": 8, "place": 9, "type": true, "seance": 49, "user": 50}}, {"model": "cms.ticket", "pk": 34, "fields": {"row": 7, "place": 1, "type": true, "seance": 49, "user": 50}}, {"model": "cms.ticket", "pk": 35, "fields": {"row": 7, "place": 5, "type": true, "seance": 49, "user": 50}}, {"model": "cms.ticket", "pk": 36, "fields": {"row": 7, "place": 5, "type": true, "seance": 49, "user": 50}}, {"model": "cms.ticket", "pk": 37, "fields": {"row": 8, "place": 9, "type": true, "seance": 49, "user": 50}}, {"model": "cms.ticket", "pk": 38, "fields": {"row": 1, "place": 8, "type": true, "seance": 49, "user": 50}}, {"model": "cms.ticket", "pk": 39, "fields": {"row": 1, "place": 6, "type": true, "seance": 49, "user": 50}}, {"model": "cms.ticket", "pk": 40, "fields": {"row": 7, "place": 1, "type": true, "seance": 49, "user": 50}}, {"model": "cms.ticket", "pk": 41, "fields": {"row": 1, "place": 3, "type": true, "seance": 49, "user": 50}}, {"model": "cms.ticket", "pk": 42, "fields": {"row": 1, "place": 4, "type": true, "seance": 49, "user": 50}}, {"model": "cms.ticket", "pk": 43, "fields": {"row": 1, "place": 1, "type": true, "seance": 49, "user": 50}}, {"model": "cms.ticket", "pk": 44, "fields": {"row": 1, "place": 9, "type": true, "seance": 49, "user": 50}}, {"model": "cms.ticket", "pk": 45, "fields": {"row": 1, "place": 5, "type": true, "seance": 49, "user": 50}}, {"model": "cms.ticket", "pk": 46, "fields": {"row": 1, "place": 12, "type": true, "seance": 49, "user": 50}}, {"model": "cms.ticket", "pk": 47, "fields": {"row": 1, "place": 7, "type": true, "seance": 49, "user": 50}}, {"model": "cms.ticket", "pk": 48, "fields": {"row": 1, "place": 10, "type": true, "seance": 49, "user": 50}}, {"model": "cms.ticket", "pk": 49, "fields": {"row": 1, "place": 11, "type": true, "seance": 49, "user": 50}}, {"model": "cms.ticket", "pk": 50, "fields": {"row": 8, "place": 9, "type": true, "seance": 49, "user": 50}}, {"model": "cms.ticket", "pk": 51, "fields": {"row": 1, "place": 8, "type": true, "seance": 49, "user": 50}}, {"model": "cms.ticket", "pk": 52, "fields": {"row": 7, "place": 1, "type": true, "seance": 49, "user": 50}}, {"model": "cms.ticket", "pk": 53, "fields": {"row": 1, "place": 3, "type": true, "seance": 49, "user": 50}}, {"model": "cms.ticket", "pk": 54, "fields": {"row": 1, "place": 6, "type": true, "seance": 49, "user": 50}}, {"model": "cms.ticket", "pk": 55, "fields": {"row": 7, "place": 5, "type": true, "seance": 49, "user": 50}}, {"model": "cms.ticket", "pk": 56, "fields": {"row": 1, "place": 4, "type": true, "seance": 49, "user": 50}}, {"model": "cms.ticket", "pk": 57, "fields": {"row": 1, "place": 7, "type": true, "seance": 49, "user": 50}}, {"model": "cms.ticket", "pk": 58, "fields": {"row": 1, "place": 1, "type": true, "seance": 49, "user": 50}}, {"model": "cms.ticket", "pk": 59, "fields": {"row": 1, "place": 5, "type": true, "seance": 49, "user": 50}}, {"model": "cms.ticket", "pk": 60, "fields": {"row": 1, "place": 9, "type": true, "seance": 49, "user": 50}}, {"model": "cms.ticket", "pk": 61, "fields": {"row": 1, "place": 12, "type": true, "seance": 49, "user": 50}}, {"model": "cms.ticket", "pk": 62, "fields": {"row": 1, "place": 11, "type": true, "seance": 49, "user": 50}}, {"model": "cms.ticket", "pk": 63, "fields": {"row": 1, "place": 10, "type": true, "seance": 49, "user": 50}}, {"model": "cms.ticket", "pk": 64, "fields": {"row": 3, "place": 2, "type": true, "seance": 49, "user": 50}}, {"model": "cms.ticket", "pk": 65, "fields": {"row": 3, "place": 1, "type": true, "seance": 49, "user": 50}}, {"model": "cms.ticket", "pk": 66, "fields": {"row": 3, "place": 4, "type": true, "seance": 49, "user": 50}}, {"model": "cms.ticket", "pk": 67, "fields": {"row": 3, "place": 3, "type": true, "seance": 49, "user": 50}}, {"model": "cms.ticket", "pk": 68, "fields": {"row": 3, "place": 5, "type": true, "seance": 49, "user": 50}}, {"model": "cms.ticket", "pk": 69, "fields": {"row": 3, "place": 6, "type": true, "seance": 49, "user": 50}}, {"model": "cms.ticket", "pk": 70, "fields": {"row": 8, "place": 9, "type": false, "seance": 49, "user": 50}}, {"model": "cms.ticket", "pk": 71, "fields": {"row": 1, "place": 6, "type": false, "seance": 49, "user": 50}}, {"model": "cms.ticket", "pk": 72, "fields": {"row": 7, "place": 5, "type": false, "seance": 49, "user": 50}}, {"model": "cms.ticket", "pk": 73, "fields": {"row": 1, "place": 3, "type": false, "seance": 49, "user": 50}}, {"model": "cms.ticket", "pk": 74, "fields": {"row": 7, "place": 1, "type": false, "seance": 49, "user": 50}}, {"model": "cms.ticket", "pk": 75, "fields": {"row": 1, "place": 8, "type": false, "seance": 49, "user": 50}}, {"model": "cms.ticket", "pk": 76, "fields": {"row": 1, "place": 4, "type": false, "seance": 49, "user": 50}}, {"model": "cms.ticket", "pk": 77, "fields": {"row": 1, "place": 5, "type": false, "seance": 49, "user": 50}}, {"model": "cms.ticket", "pk": 78, "fields": {"row": 1, "place": 1, "type": false, "seance": 49, "user": 50}}, {"model": "cms.ticket", "pk": 79, "fields": {"row": 1, "place": 9, "type": false, "seance": 49, "user": 50}}, {"model": "cms.ticket", "pk": 80, "fields": {"row": 1, "place": 7, "type": false, "seance": 49, "user": 50}}, {"model": "cms.ticket", "pk": 81, "fields": {"row": 1, "place": 12, "type": false, "seance": 49, "user": 50}}, {"model": "cms.ticket", "pk": 82, "fields": {"row": 1, "place": 10, "type": false, "seance": 49, "user": 50}}, {"model": "cms.ticket", "pk": 83, "fields": {"row": 3, "place": 1, "type": false, "seance": 49, "user": 50}}, {"model": "cms.ticket", "pk": 84, "fields": {"row": 1, "place": 11, "type": false, "seance": 49, "user": 50}}, {"model": "cms.ticket", "pk": 85, "fields": {"row": 3, "place": 2, "type": false, "seance": 49, "user": 50}}, {"model": "cms.ticket", "pk": 86, "fields": {"row": 3, "place": 3, "type": false, "seance": 49, "user": 50}}, {"model": "cms.ticket", "pk": 87, "fields": {"row": 3, "place": 4, "type": false, "seance": 49, "user": 50}}, {"model": "cms.ticket", "pk": 88, "fields": {"row": 3, "place": 5, "type": false, "seance": 49, "user": 50}}, {"model": "cms.ticket", "pk": 89, "fields": {"row": 3, "place": 6, "type": false, "seance": 49, "user": 50}}, {"model": "cms.ticket", "pk": 90, "fields": {"row": 4, "place": 8, "type": false, "seance": 49, "user": 50}}, {"model": "cms.ticket", "pk": 91, "fields": {"row": 5, "place": 5, "type": false, "seance": 49, "user": 50}}, {"model": "cms.ticket", "pk": 92, "fields": {"row": 8, "place": 9, "type": false, "seance": 49, "user": 50}}, {"model": "cms.ticket", "pk": 93, "fields": {"row": 7, "place": 5, "type": false, "seance": 49, "user": 50}}, {"model": "cms.ticket", "pk": 94, "fields": {"row": 1, "place": 8, "type": false, "seance": 49, "user": 50}}, {"model": "cms.ticket", "pk": 95, "fields": {"row": 7, "place": 1, "type": false, "seance": 49, "user": 50}}, {"model": "cms.ticket", "pk": 96, "fields": {"row": 1, "place": 6, "type": false, "seance": 49, "user": 50}}, {"model": "cms.ticket", "pk": 97, "fields": {"row": 1, "place": 3, "type": false, "seance": 49, "user": 50}}, {"model": "cms.ticket", "pk": 98, "fields": {"row": 1, "place": 4, "type": false, "seance": 49, "user": 50}}, {"model": "cms.ticket", "pk": 99, "fields": {"row": 1, "place": 1, "type": false, "seance": 49, "user": 50}}, {"model": "cms.ticket", "pk": 100, "fields": {"row": 1, "place": 5, "type": false, "seance": 49, "user": 50}}, {"model": "cms.ticket", "pk": 101, "fields": {"row": 1, "place": 7, "type": false, "seance": 49, "user": 50}}, {"model": "cms.ticket", "pk": 102, "fields": {"row": 1, "place": 9, "type": false, "seance": 49, "user": 50}}, {"model": "cms.ticket", "pk": 103, "fields": {"row": 1, "place": 12, "type": false, "seance": 49, "user": 50}}, {"model": "cms.ticket", "pk": 104, "fields": {"row": 1, "place": 11, "type": false, "seance": 49, "user": 50}}, {"model": "cms.ticket", "pk": 105, "fields": {"row": 1, "place": 10, "type": false, "seance": 49, "user": 50}}, {"model": "cms.ticket", "pk": 106, "fields": {"row": 3, "place": 1, "type": false, "seance": 49, "user": 50}}, {"model": "cms.ticket", "pk": 107, "fields": {"row": 3, "place": 2, "type": false, "seance": 49, "user": 50}}, {"model": "cms.ticket", "pk": 108, "fields": {"row": 3, "place": 3, "type": false, "seance": 49, "user": 50}}, {"model": "cms.ticket", "pk": 109, "fields": {"row": 3, "place": 4, "type": false, "seance": 49, "user": 50}}, {"model": "cms.ticket", "pk": 110, "fields": {"row": 3, "place": 5, "type": false, "seance": 49, "user": 50}}, {"model": "cms.ticket", "pk": 111, "fields": {"row": 3, "place": 6, "type": false, "seance": 49, "user": 50}}, {"model": "cms.ticket", "pk": 112, "fields": {"row": 4, "place": 8, "type": false, "seance": 49, "user": 50}}, {"model": "cms.ticket", "pk": 113, "fields": {"row": 5, "place": 5, "type": false, "seance": 49, "user": 50}}, {"model": "cms.ticket", "pk": 114, "fields": {"row": 5, "place": 11, "type": true, "seance": 49, "user": 50}}, {"model": "cms.ticket", "pk": 115, "fields": {"row": 7, "place": 3, "type": true, "seance": 49, "user": 50}}, {"model": "cms.ticket", "pk": 116, "fields": {"row": 5, "place": 11, "type": true, "seance": 49, "user": 50}}, {"model": "cms.ticket", "pk": 117, "fields": {"row": 9, "place": 3, "type": true, "seance": 49, "user": 50}}, {"model": "cms.ticket", "pk": 118, "fields": {"row": 10, "place": 1, "type": true, "seance": 49, "user": 50}}, {"model": "cms.ticket", "pk": 119, "fields": {"row": 5, "place": 11, "type": true, "seance": 49, "user": 50}}, {"model": "cms.ticket", "pk": 120, "fields": {"row": 10, "place": 5, "type": true, "seance": 49, "user": 50}}, {"model": "cms.ticket", "pk": 121, "fields": {"row": 9, "place": 3, "type": true, "seance": 49, "user": 50}}, {"model": "cms.ticket", "pk": 122, "fields": {"row": 7, "place": 3, "type": true, "seance": 49, "user": 50}}, {"model": "cms.ticket", "pk": 123, "fields": {"row": 5, "place": 11, "type": false, "seance": 49, "user": 50}}, {"model": "cms.ticket", "pk": 124, "fields": {"row": 9, "place": 3, "type": false, "seance": 49, "user": 50}}, {"model": "cms.ticket", "pk": 125, "fields": {"row": 10, "place": 5, "type": false, "seance": 49, "user": 50}}, {"model": "cms.ticket", "pk": 126, "fields": {"row": 7, "place": 3, "type": false, "seance": 49, "user": 50}}, {"model": "cms.ticket", "pk": 127, "fields": {"row": 6, "place": 13, "type": false, "seance": 49, "user": 50}}, {"model": "cms.ticket", "pk": 128, "fields": {"row": 10, "place": 1, "type": false, "seance": 49, "user": 50}}, {"model": "cms.ticket", "pk": 129, "fields": {"row": 7, "place": 13, "type": false, "seance": 49, "user": 50}}, {"model": "cms.ticket", "pk": 130, "fields": {"row": 10, "place": 5, "type": true, "seance": 49, "user": 50}}, {"model": "cms.ticket", "pk": 131, "fields": {"row": 5, "place": 11, "type": true, "seance": 49, "user": 50}}, {"model": "cms.ticket", "pk": 132, "fields": {"row": 10, "place": 1, "type": true, "seance": 49, "user": 50}}, {"model": "cms.ticket", "pk": 133, "fields": {"row": 9, "place": 3, "type": true, "seance": 49, "user": 50}}, {"model": "cms.ticket", "pk": 134, "fields": {"row": 6, "place": 13, "type": true, "seance": 49, "user": 50}}, {"model": "cms.ticket", "pk": 135, "fields": {"row": 7, "place": 3, "type": true, "seance": 49, "user": 50}}, {"model": "cms.ticket", "pk": 136, "fields": {"row": 7, "place": 13, "type": true, "seance": 49, "user": 50}}, {"model": "cms.ticket", "pk": 137, "fields": {"row": 4, "place": 10, "type": true, "seance": 49, "user": 50}}, {"model": "cms.ticket", "pk": 138, "fields": {"row": 8, "place": 7, "type": true, "seance": 49, "user": 50}}, {"model": "cms.ticket", "pk": 139, "fields": {"row": 10, "place": 1, "type": false, "seance": 49, "user": 50}}, {"model": "cms.ticket", "pk": 140, "fields": {"row": 9, "place": 3, "type": false, "seance": 49, "user": 50}}, {"model": "cms.ticket", "pk": 141, "fields": {"row": 7, "place": 3, "type": false, "seance": 49, "user": 50}}, {"model": "cms.ticket", "pk": 142, "fields": {"row": 5, "place": 11, "type": false, "seance": 49, "user": 50}}, {"model": "cms.ticket", "pk": 143, "fields": {"row": 10, "place": 5, "type": false, "seance": 49, "user": 50}}, {"model": "cms.ticket", "pk": 144, "fields": {"row": 6, "place": 13, "type": false, "seance": 49, "user": 50}}, {"model": "cms.ticket", "pk": 145, "fields": {"row": 7, "place": 13, "type": false, "seance": 49, "user": 50}}, {"model": "cms.ticket", "pk": 146, "fields": {"row": 8, "place": 7, "type": false, "seance": 49, "user": 50}}, {"model": "cms.ticket", "pk": 147, "fields": {"row": 4, "place": 10, "type": false, "seance": 49, "user": 50}}, {"model": "cms.ticket", "pk": 148, "fields": {"row": 3, "place": 15, "type": false, "seance": 49, "user": 50}}, {"model": "cms.ticket", "pk": 149, "fields": {"row": 10, "place": 20, "type": false, "seance": 49, "user": 50}}, {"model": "cms.ticket", "pk": 150, "fields": {"row": 9, "place": 3, "type": true, "seance": 49, "user": 50}}, {"model": "cms.ticket", "pk": 151, "fields": {"row": 6, "place": 13, "type": true, "seance": 49, "user": 50}}, {"model": "cms.ticket", "pk": 152, "fields": {"row": 7, "place": 3, "type": true, "seance": 49, "user": 50}}, {"model": "cms.ticket", "pk": 153, "fields": {"row": 5, "place": 11, "type": true, "seance": 49, "user": 50}}, {"model": "cms.ticket", "pk": 154, "fields": {"row": 10, "place": 5, "type": true, "seance": 49, "user": 50}}, {"model": "cms.ticket", "pk": 155, "fields": {"row": 10, "place": 1, "type": true, "seance": 49, "user": 50}}, {"model": "cms.ticket", "pk": 156, "fields": {"row": 7, "place": 13, "type": true, "seance": 49, "user": 50}}, {"model": "cms.ticket", "pk": 157, "fields": {"row": 3, "place": 15, "type": true, "seance": 49, "user": 50}}, {"model": "cms.ticket", "pk": 158, "fields": {"row": 8, "place": 7, "type": true, "seance": 49, "user": 50}}, {"model": "cms.ticket", "pk": 159, "fields": {"row": 4, "place": 10, "type": true, "seance": 49, "user": 50}}, {"model": "cms.ticket", "pk": 160, "fields": {"row": 10, "place": 20, "type": true, "seance": 49, "user": 50}}, {"model": "cms.ticket", "pk": 161, "fields": {"row": 5, "place": 11, "type": false, "seance": 49, "user": 50}}, {"model": "cms.ticket", "pk": 162, "fields": {"row": 9, "place": 3, "type": false, "seance": 49, "user": 50}}, {"model": "cms.ticket", "pk": 163, "fields": {"row": 10, "place": 1, "type": false, "seance": 49, "user": 50}}, {"model": "cms.ticket", "pk": 164, "fields": {"row": 7, "place": 3, "type": false, "seance": 49, "user": 50}}, {"model": "cms.ticket", "pk": 165, "fields": {"row": 10, "place": 5, "type": false, "seance": 49, "user": 50}}, {"model": "cms.ticket", "pk": 166, "fields": {"row": 6, "place": 13, "type": false, "seance": 49, "user": 50}}, {"model": "cms.ticket", "pk": 167, "fields": {"row": 7, "place": 13, "type": false, "seance": 49, "user": 50}}, {"model": "cms.ticket", "pk": 168, "fields": {"row": 4, "place": 10, "type": false, "seance": 49, "user": 50}}, {"model": "cms.ticket", "pk": 169, "fields": {"row": 3, "place": 15, "type": false, "seance": 49, "user": 50}}, {"model": "cms.ticket", "pk": 170, "fields": {"row": 8, "place": 7, "type": false, "seance": 49, "user": 50}}, {"model": "cms.ticket", "pk": 171, "fields": {"row": 10, "place": 20, "type": false, "seance": 49, "user": 50}}, {"model": "cms.ticket", "pk": 172, "fields": {"row": 5, "place": 11, "type": true, "seance": 49, "user": 50}}, {"model": "cms.ticket", "pk": 173, "fields": {"row": 9, "place": 3, "type": true, "seance": 49, "user": 50}}, {"model": "cms.ticket", "pk": 174, "fields": {"row": 7, "place": 3, "type": true, "seance": 49, "user": 50}}, {"model": "cms.ticket", "pk": 175, "fields": {"row": 10, "place": 1, "type": true, "seance": 49, "user": 50}}, {"model": "cms.ticket", "pk": 176, "fields": {"row": 10, "place": 5, "type": true, "seance": 49, "user": 50}}, {"model": "cms.ticket", "pk": 177, "fields": {"row": 6, "place": 13, "type": true, "seance": 49, "user": 50}}, {"model": "cms.ticket", "pk": 178, "fields": {"row": 7, "place": 13, "type": true, "seance": 49, "user": 50}}, {"model": "cms.ticket", "pk": 179, "fields": {"row": 4, "place": 10, "type": true, "seance": 49, "user": 50}}, {"model": "cms.ticket", "pk": 180, "fields": {"row": 8, "place": 7, "type": true, "seance": 49, "user": 50}}, {"model": "cms.ticket", "pk": 181, "fields": {"row": 3, "place": 15, "type": true, "seance": 49, "user": 50}}, {"model": "cms.ticket", "pk": 182, "fields": {"row": 10, "place": 20, "type": true, "seance": 49, "user": 50}}, {"model": "cms.ticket", "pk": 183, "fields": {"row": 5, "place": 11, "type": false, "seance": 49, "user": 50}}, {"model": "cms.ticket", "pk": 184, "fields": {"row": 9, "place": 3, "type": false, "seance": 49, "user": 50}}, {"model": "cms.ticket", "pk": 185, "fields": {"row": 7, "place": 3, "type": false, "seance": 49, "user": 50}}, {"model": "cms.ticket", "pk": 186, "fields": {"row": 10, "place": 1, "type": false, "seance": 49, "user": 50}}, {"model": "cms.ticket", "pk": 187, "fields": {"row": 10, "place": 5, "type": false, "seance": 49, "user": 50}}, {"model": "cms.ticket", "pk": 188, "fields": {"row": 6, "place": 13, "type": false, "seance": 49, "user": 50}}, {"model": "cms.ticket", "pk": 189, "fields": {"row": 7, "place": 13, "type": false, "seance": 49, "user": 50}}, {"model": "cms.ticket", "pk": 190, "fields": {"row": 4, "place": 10, "type": false, "seance": 49, "user": 50}}, {"model": "cms.ticket", "pk": 191, "fields": {"row": 8, "place": 7, "type": false, "seance": 49, "user": 50}}, {"model": "cms.ticket", "pk": 192, "fields": {"row": 3, "place": 15, "type": false, "seance": 49, "user": 50}}, {"model": "cms.ticket", "pk": 193, "fields": {"row": 10, "place": 20, "type": false, "seance": 49, "user": 50}}, {"model": "cms.ticket", "pk": 194, "fields": {"row": 5, "place": 11, "type": true, "seance": 49, "user": 50}}, {"model": "cms.ticket", "pk": 195, "fields": {"row": 7, "place": 3, "type": true, "seance": 49, "user": 50}}, {"model": "cms.ticket", "pk": 196, "fields": {"row": 9, "place": 3, "type": true, "seance": 49, "user": 50}}, {"model": "cms.ticket", "pk": 197, "fields": {"row": 10, "place": 1, "type": true, "seance": 49, "user": 50}}, {"model": "cms.ticket", "pk": 198, "fields": {"row": 10, "place": 5, "type": true, "seance": 49, "user": 50}}, {"model": "cms.ticket", "pk": 199, "fields": {"row": 6, "place": 13, "type": true, "seance": 49, "user": 50}}, {"model": "cms.ticket", "pk": 200, "fields": {"row": 7, "place": 13, "type": true, "seance": 49, "user": 50}}, {"model": "cms.ticket", "pk": 201, "fields": {"row": 8, "place": 7, "type": true, "seance": 49, "user": 50}}, {"model": "cms.ticket", "pk": 202, "fields": {"row": 4, "place": 10, "type": true, "seance": 49, "user": 50}}, {"model": "cms.ticket", "pk": 203, "fields": {"row": 10, "place": 20, "type": true, "seance": 49, "user": 50}}, {"model": "cms.ticket", "pk": 204, "fields": {"row": 3, "place": 15, "type": true, "seance": 49, "user": 50}}, {"model": "cms.ticket", "pk": 205, "fields": {"row": 5, "place": 11, "type": false, "seance": 49, "user": 50}}, {"model": "cms.ticket", "pk": 206, "fields": {"row": 9, "place": 3, "type": false, "seance": 49, "user": 50}}, {"model": "cms.ticket", "pk": 207, "fields": {"row": 7, "place": 3, "type": false, "seance": 49, "user": 50}}, {"model": "cms.ticket", "pk": 208, "fields": {"row": 10, "place": 5, "type": false, "seance": 49, "user": 50}}, {"model": "cms.ticket", "pk": 209, "fields": {"row": 10, "place": 1, "type": false, "seance": 49, "user": 50}}, {"model": "cms.ticket", "pk": 210, "fields": {"row": 6, "place": 13, "type": false, "seance": 49, "user": 50}}, {"model": "cms.ticket", "pk": 211, "fields": {"row": 7, "place": 13, "type": false, "seance": 49, "user": 50}}, {"model": "cms.ticket", "pk": 212, "fields": {"row": 4, "place": 10, "type": false, "seance": 49, "user": 50}}, {"model": "cms.ticket", "pk": 213, "fields": {"row": 8, "place": 7, "type": false, "seance": 49, "user": 50}}, {"model": "cms.ticket", "pk": 214, "fields": {"row": 3, "place": 15, "type": false, "seance": 49, "user": 50}}, {"model": "cms.ticket", "pk": 215, "fields": {"row": 10, "place": 20, "type": false, "seance": 49, "user": 50}}, {"model": "cms.ticket", "pk": 216, "fields": {"row": 5, "place": 11, "type": true, "seance": 49, "user": 50}}, {"model": "cms.ticket", "pk": 217, "fields": {"row": 9, "place": 3, "type": true, "seance": 49, "user": 50}}, {"model": "cms.ticket", "pk": 218, "fields": {"row": 7, "place": 3, "type": true, "seance": 49, "user": 50}}, {"model": "cms.ticket", "pk": 219, "fields": {"row": 10, "place": 1, "type": true, "seance": 49, "user": 50}}, {"model": "cms.ticket", "pk": 220, "fields": {"row": 10, "place": 5, "type": true, "seance": 49, "user": 50}}, {"model": "cms.ticket", "pk": 221, "fields": {"row": 6, "place": 13, "type": true, "seance": 49, "user": 50}}, {"model": "cms.ticket", "pk": 222, "fields": {"row": 7, "place": 13, "type": true, "seance": 49, "user": 50}}, {"model": "cms.ticket", "pk": 223, "fields": {"row": 8, "place": 7, "type": true, "seance": 49, "user": 50}}, {"model": "cms.ticket", "pk": 224, "fields": {"row": 10, "place": 20, "type": true, "seance": 49, "user": 50}}, {"model": "cms.ticket", "pk": 225, "fields": {"row": 4, "place": 10, "type": true, "seance": 49, "user": 50}}, {"model": "cms.ticket", "pk": 226, "fields": {"row": 3, "place": 15, "type": true, "seance": 49, "user": 50}}, {"model": "cms.ticket", "pk": 227, "fields": {"row": 5, "place": 11, "type": false, "seance": 49, "user": 50}}, {"model": "cms.ticket", "pk": 228, "fields": {"row": 9, "place": 3, "type": false, "seance": 49, "user": 50}}, {"model": "cms.ticket", "pk": 229, "fields": {"row": 7, "place": 3, "type": false, "seance": 49, "user": 50}}, {"model": "cms.ticket", "pk": 230, "fields": {"row": 10, "place": 5, "type": false, "seance": 49, "user": 50}}, {"model": "cms.ticket", "pk": 231, "fields": {"row": 10, "place": 1, "type": false, "seance": 49, "user": 50}}, {"model": "cms.ticket", "pk": 232, "fields": {"row": 6, "place": 13, "type": false, "seance": 49, "user": 50}}, {"model": "cms.ticket", "pk": 233, "fields": {"row": 7, "place": 13, "type": false, "seance": 49, "user": 50}}, {"model": "cms.ticket", "pk": 234, "fields": {"row": 4, "place": 10, "type": false, "seance": 49, "user": 50}}, {"model": "cms.ticket", "pk": 235, "fields": {"row": 8, "place": 7, "type": false, "seance": 49, "user": 50}}, {"model": "cms.ticket", "pk": 236, "fields": {"row": 3, "place": 15, "type": false, "seance": 49, "user": 50}}, {"model": "cms.ticket", "pk": 237, "fields": {"row": 10, "place": 20, "type": false, "seance": 49, "user": 50}}, {"model": "cms.ticket", "pk": 238, "fields": {"row": 5, "place": 11, "type": true, "seance": 49, "user": 50}}, {"model": "cms.ticket", "pk": 239, "fields": {"row": 9, "place": 3, "type": true, "seance": 49, "user": 50}}, {"model": "cms.ticket", "pk": 240, "fields": {"row": 7, "place": 3, "type": true, "seance": 49, "user": 50}}, {"model": "cms.ticket", "pk": 241, "fields": {"row": 10, "place": 1, "type": true, "seance": 49, "user": 50}}, {"model": "cms.ticket", "pk": 242, "fields": {"row": 10, "place": 5, "type": true, "seance": 49, "user": 50}}, {"model": "cms.ticket", "pk": 243, "fields": {"row": 6, "place": 13, "type": true, "seance": 49, "user": 50}}, {"model": "cms.ticket", "pk": 244, "fields": {"row": 7, "place": 13, "type": true, "seance": 49, "user": 50}}, {"model": "cms.ticket", "pk": 245, "fields": {"row": 8, "place": 7, "type": true, "seance": 49, "user": 50}}, {"model": "cms.ticket", "pk": 246, "fields": {"row": 10, "place": 20, "type": true, "seance": 49, "user": 50}}, {"model": "cms.ticket", "pk": 247, "fields": {"row": 4, "place": 10, "type": true, "seance": 49, "user": 50}}, {"model": "cms.ticket", "pk": 248, "fields": {"row": 3, "place": 15, "type": true, "seance": 49, "user": 50}}, {"model": "cms.ticket", "pk": 249, "fields": {"row": 6, "place": 6, "type": true, "seance": 49, "user": 50}}, {"model": "cms.ticket", "pk": 250, "fields": {"row": 6, "place": 6, "type": true, "seance": 49, "user": 50}}, {"model": "cms.ticket", "pk": 251, "fields": {"row": 10, "place": 11, "type": true, "seance": 49, "user": 50}}, {"model": "cms.ticket", "pk": 252, "fields": {"row": 4, "place": 12, "type": true, "seance": 49, "user": 50}}, {"model": "cms.ticket", "pk": 253, "fields": {"row": 8, "place": 11, "type": true, "seance": 49, "user": 50}}, {"model": "cms.ticket", "pk": 254, "fields": {"row": 10, "place": 11, "type": true, "seance": 49, "user": 50}}, {"model": "cms.ticket", "pk": 255, "fields": {"row": 4, "place": 12, "type": true, "seance": 49, "user": 50}}, {"model": "cms.ticket", "pk": 256, "fields": {"row": 8, "place": 11, "type": true, "seance": 49, "user": 50}}, {"model": "cms.ticket", "pk": 257, "fields": {"row": 6, "place": 6, "type": true, "seance": 49, "user": 50}}, {"model": "cms.ticket", "pk": 258, "fields": {"row": 2, "place": 7, "type": true, "seance": 49, "user": 50}}, {"model": "cms.ticket", "pk": 259, "fields": {"row": 3, "place": 8, "type": true, "seance": 49, "user": 50}}, {"model": "cms.ticket", "pk": 260, "fields": {"row": 5, "place": 6, "type": true, "seance": 49, "user": 50}}, {"model": "cms.ticket", "pk": 261, "fields": {"row": 9, "place": 5, "type": true, "seance": 49, "user": 50}}, {"model": "cms.ticket", "pk": 262, "fields": {"row": 6, "place": 4, "type": true, "seance": 49, "user": 50}}, {"model": "cms.ticket", "pk": 263, "fields": {"row": 7, "place": 10, "type": true, "seance": 49, "user": 50}}, {"model": "cms.ticket", "pk": 264, "fields": {"row": 7, "place": 10, "type": true, "seance": 49, "user": 50}}, {"model": "cms.ticket", "pk": 265, "fields": {"row": 7, "place": 10, "type": true, "seance": 49, "user": 50}}, {"model": "cms.ticket", "pk": 266, "fields": {"row": 9, "place": 7, "type": true, "seance": 49, "user": 50}}, {"model": "cms.ticket", "pk": 267, "fields": {"row": 7, "place": 10, "type": true, "seance": 49, "user": 50}}, {"model": "cms.ticket", "pk": 268, "fields": {"row": 9, "place": 7, "type": true, "seance": 49, "user": 50}}, {"model": "cms.ticket", "pk": 269, "fields": {"row": 8, "place": 5, "type": true, "seance": 49, "user": 50}}, {"model": "cms.ticket", "pk": 270, "fields": {"row": 8, "place": 5, "type": true, "seance": 49, "user": 50}}, {"model": "cms.ticket", "pk": 271, "fields": {"row": 9, "place": 7, "type": true, "seance": 49, "user": 50}}, {"model": "cms.ticket", "pk": 272, "fields": {"row": 7, "place": 10, "type": true, "seance": 49, "user": 50}}, {"model": "cms.ticket", "pk": 273, "fields": {"row": 7, "place": 10, "type": true, "seance": 49, "user": 50}}, {"model": "cms.ticket", "pk": 274, "fields": {"row": 8, "place": 5, "type": true, "seance": 49, "user": 50}}, {"model": "cms.ticket", "pk": 275, "fields": {"row": 9, "place": 7, "type": true, "seance": 49, "user": 50}}, {"model": "cms.ticket", "pk": 276, "fields": {"row": 10, "place": 8, "type": true, "seance": 49, "user": 50}}, {"model": "cms.ticket", "pk": 277, "fields": {"row": 10, "place": 8, "type": true, "seance": 49, "user": 50}}, {"model": "cms.ticket", "pk": 278, "fields": {"row": 10, "place": 8, "type": true, "seance": 49, "user": 50}}, {"model": "cms.ticket", "pk": 279, "fields": {"row": 10, "place": 8, "type": true, "seance": 49, "user": 50}}, {"model": "cms.ticket", "pk": 280, "fields": {"row": 10, "place": 8, "type": true, "seance": 49, "user": 50}}, {"model": "cms.ticket", "pk": 281, "fields": {"row": 10, "place": 8, "type": true, "seance": 49, "user": 50}}, {"model": "cms.ticket", "pk": 282, "fields": {"row": 10, "place": 8, "type": true, "seance": 49, "user": 50}}, {"model": "cms.ticket", "pk": 283, "fields": {"row": 10, "place": 8, "type": true, "seance": 49, "user": 50}}, {"model": "cms.ticket", "pk": 284, "fields": {"row": 10, "place": 8, "type": true, "seance": 49, "user": 50}}, {"model": "cms.ticket", "pk": 285, "fields": {"row": 10, "place": 8, "type": true, "seance": 49, "user": 50}}, {"model": "cms.ticket", "pk": 286, "fields": {"row": 10, "place": 8, "type": true, "seance": 49, "user": 50}}, {"model": "cms.ticket", "pk": 287, "fields": {"row": 9, "place": 1, "type": true, "seance": 49, "user": 50}}, {"model": "cms.ticket", "pk": 288, "fields": {"row": 9, "place": 1, "type": true, "seance": 49, "user": 50}}, {"model": "cms.ticket", "pk": 289, "fields": {"row": 9, "place": 1, "type": true, "seance": 49, "user": 50}}, {"model": "cms.ticket", "pk": 290, "fields": {"row": 9, "place": 1, "type": true, "seance": 49, "user": 50}}, {"model": "cms.ticket", "pk": 291, "fields": {"row": 9, "place": 6, "type": true, "seance": 49, "user": 50}}, {"model": "cms.ticket", "pk": 292, "fields": {"row": 9, "place": 6, "type": true, "seance": 49, "user": 50}}, {"model": "cms.ticket", "pk": 293, "fields": {"row": 9, "place": 6, "type": true, "seance": 49, "user": 50}}, {"model": "cms.ticket", "pk": 294, "fields": {"row": 5, "place": 1, "type": true, "seance": 49, "user": 50}}, {"model": "cms.ticket", "pk": 295, "fields": {"row": 5, "place": 1, "type": true, "seance": 49, "user": 50}}, {"model": "cms.ticket", "pk": 296, "fields": {"row": 5, "place": 1, "type": true, "seance": 49, "user": 50}}, {"model": "cms.ticket", "pk": 297, "fields": {"row": 5, "place": 1, "type": true, "seance": 49, "user": 50}}, {"model": "cms.ticket", "pk": 298, "fields": {"row": 5, "place": 1, "type": true, "seance": 49, "user": 50}}, {"model": "cms.ticket", "pk": 299, "fields": {"row": 8, "place": 3, "type": true, "seance": 49, "user": 50}}, {"model": "cms.ticket", "pk": 300, "fields": {"row": 8, "place": 3, "type": true, "seance": 49, "user": 50}}, {"model": "cms.ticket", "pk": 301, "fields": {"row": 8, "place": 4, "type": true, "seance": 49, "user": 50}}, {"model": "cms.ticket", "pk": 302, "fields": {"row": 10, "place": 12, "type": false, "seance": 49, "user": 50}}, {"model": "cms.ticket", "pk": 303, "fields": {"row": 10, "place": 12, "type": false, "seance": 49, "user": 50}}, {"model": "cms.ticket", "pk": 304, "fields": {"row": 10, "place": 12, "type": false, "seance": 49, "user": 50}}, {"model": "cms.ticket", "pk": 305, "fields": {"row": 10, "place": 12, "type": false, "seance": 49, "user": 50}}, {"model": "cms.ticket", "pk": 306, "fields": {"row": 7, "place": 11, "type": false, "seance": 49, "user": 50}}, {"model": "cms.ticket", "pk": 307, "fields": {"row": 4, "place": 4, "type": true, "seance": 49, "user": 50}}, {"model": "cms.ticket", "pk": 308, "fields": {"row": 8, "place": 13, "type": true, "seance": 49, "user": 50}}, {"model": "cms.ticket", "pk": 309, "fields": {"row": 10, "place": 14, "type": true, "seance": 49, "user": 50}}, {"model": "cms.ticket", "pk": 310, "fields": {"row": 10, "place": 13, "type": true, "seance": 49, "user": 50}}, {"model": "cms.ticket", "pk": 311, "fields": {"row": 10, "place": 15, "type": true, "seance": 49, "user": 50}}, {"model": "cms.ticket", "pk": 312, "fields": {"row": 9, "place": 12, "type": true, "seance": 49, "user": 50}}, {"model": "cms.ticket", "pk": 313, "fields": {"row": 9, "place": 10, "type": true, "seance": 49, "user": 50}}, {"model": "cms.ticket", "pk": 314, "fields": {"row": 7, "place": 4, "type": true, "seance": 49, "user": 50}}, {"model": "cms.ticket", "pk": 315, "fields": {"row": 10, "place": 10, "type": true, "seance": 49, "user": 50}}, {"model": "cms.ticket", "pk": 316, "fields": {"row": 10, "place": 7, "type": true, "seance": 49, "user": 50}}, {"model": "cms.ticket", "pk": 317, "fields": {"row": 9, "place": 8, "type": false, "seance": 49, "user": 50}}, {"model": "cms.ticket", "pk": 318, "fields": {"row": 9, "place": 9, "type": true, "seance": 49, "user": 50}}, {"model": "cms.ticket", "pk": 319, "fields": {"row": 10, "place": 17, "type": false, "seance": 49, "user": 50}}, {"model": "cms.ticket", "pk": 320, "fields": {"row": 9, "place": 13, "type": true, "seance": 49, "user": 50}}, {"model": "cms.ticket", "pk": 321, "fields": {"row": 8, "place": 6, "type": true, "seance": 49, "user": 50}}, {"model": "cms.ticket", "pk": 322, "fields": {"row": 8, "place": 10, "type": false, "seance": 49, "user": 50}}, {"model": "cms.ticket", "pk": 323, "fields": {"row": 10, "place": 19, "type": true, "seance": 49, "user": 50}}, {"model": "cms.ticket", "pk": 324, "fields": {"row": 10, "place": 6, "type": true, "seance": 49, "user": 50}}, {"model": "cms.ticket", "pk": 325, "fields": {"row": 10, "place": 4, "type": true, "seance": 49, "user": 50}}, {"model": "cms.ticket", "pk": 326, "fields": {"row": 10, "place": 3, "type": true, "seance": 49, "user": 50}}, {"model": "cms.ticket", "pk": 327, "fields": {"row": 10, "place": 18, "type": true, "seance": 49, "user": 50}}, {"model": "cms.ticket", "pk": 328, "fields": {"row": 10, "place": 2, "type": true, "seance": 49, "user": 50}}, {"model": "cms.ticket", "pk": 329, "fields": {"row": 8, "place": 8, "type": true, "seance": 49, "user": 50}}, {"model": "cms.ticket", "pk": 330, "fields": {"row": 9, "place": 11, "type": true, "seance": 49, "user": 50}}, {"model": "cms.ticket", "pk": 331, "fields": {"row": 9, "place": 4, "type": true, "seance": 49, "user": 50}}, {"model": "cms.ticket", "pk": 332, "fields": {"row": 9, "place": 2, "type": true, "seance": 49, "user": 50}}, {"model": "cms.ticket", "pk": 333, "fields": {"row": 8, "place": 2, "type": true, "seance": 49, "user": 50}}, {"model": "cms.ticket", "pk": 334, "fields": {"row": 8, "place": 12, "type": false, "seance": 49, "user": 50}}, {"model": "cms.ticket", "pk": 335, "fields": {"row": 7, "place": 7, "type": true, "seance": 49, "user": 50}}, {"model": "cms.ticket", "pk": 336, "fields": {"row": 5, "place": 6, "type": true, "seance": 47, "user": 50}}, {"model": "cms.ticket", "pk": 337, "fields": {"row": 8, "place": 9, "type": true, "seance": 47, "user": 50}}, {"model": "cms.ticket", "pk": 338, "fields": {"row": 2, "place": 9, "type": true, "seance": 47, "user": 50}}, {"model": "cms.ticket", "pk": 339, "fields": {"row": 4, "place": 12, "type": false, "seance": 47, "user": 50}}, {"model": "cms.ticket", "pk": 340, "fields": {"row": 6, "place": 2, "type": false, "seance": 47, "user": 50}}, {"model": "cms.ticket", "pk": 341, "fields": {"row": 6, "place": 10, "type": true, "seance": 55, "user": 50}}, {"model": "cms.ticket", "pk": 342, "fields": {"row": 3, "place": 6, "type": true, "seance": 55, "user": 50}}, {"model": "cms.ticket", "pk": 343, "fields": {"row": 6, "place": 3, "type": true, "seance": 55, "user": 50}}, {"model": "cms.ticket", "pk": 344, "fields": {"row": 10, "place": 12, "type": true, "seance": 55, "user": 50}}, {"model": "cms.ticket", "pk": 345, "fields": {"row": 1, "place": 2, "type": true, "seance": 66, "user": 50}}, {"model": "cms.ticket", "pk": 346, "fields": {"row": 5, "place": 9, "type": true, "seance": 66, "user": 50}}, {"model": "cms.ticket", "pk": 347, "fields": {"row": 9, "place": 4, "type": true, "seance": 66, "user": 50}}, {"model": "cms.ticket", "pk": 348, "fields": {"row": 2, "place": 9, "type": true, "seance": 66, "user": 50}}, {"model": "cms.ticket", "pk": 349, "fields": {"row": 5, "place": 5, "type": true, "seance": 66, "user": 50}}, {"model": "cms.ticket", "pk": 350, "fields": {"row": 4, "place": 5, "type": true, "seance": 78, "user": 50}}, {"model": "cms.ticket", "pk": 351, "fields": {"row": 3, "place": 10, "type": true, "seance": 78, "user": 50}}, {"model": "cms.ticket", "pk": 352, "fields": {"row": 4, "place": 5, "type": true, "seance": 88, "user": 50}}, {"model": "cms.ticket", "pk": 353, "fields": {"row": 7, "place": 8, "type": true, "seance": 88, "user": 50}}, {"model": "cms.ticket", "pk": 354, "fields": {"row": 5, "place": 10, "type": true, "seance": 88, "user": 50}}, {"model": "cms.ticket", "pk": 355, "fields": {"row": 5, "place": 8, "type": false, "seance": 100, "user": 68}}, {"model": "cms.ticket", "pk": 356, "fields": {"row": 2, "place": 6, "type": false, "seance": 100, "user": 68}}, {"model": "cms.ticket", "pk": 357, "fields": {"row": 5, "place": 3, "type": true, "seance": 100, "user": 68}}, {"model": "cms.events", "pk": 11, "fields": {"title": "Каждую среду - День зрителя!", "title_ru": "Каждую среду - День зрителя!", "title_uk": "Щосереди - День глядача!", "date_published": "2022-04-20", "is_published": true, "description": "Билеты на все сеансы - от 45 гривен!", "description_ru": "Билеты на все сеансы - от 45 гривен!", "description_uk": "Квитки на всі сеанси – від 45 гривень!", "image": "news/Снимок_экрана_от_2022-04-20_13-11-04.png", "link": "https://youtube.ua", "type": "promotions", "gallery": 37, "seo_block": 107}}, {"model": "cms.events", "pk": 12, "fields": {"title": "В кинотеатре состоялась гала-премьера фильма \"Сила воли\"", "title_ru": "В кинотеатре состоялась гала-премьера фильма \"Сила воли\"", "title_uk": "У кінотеатрі відбулася гала-прем'єра фільму \"Сила волі\"", "date_published": "2022-04-20", "is_published": true, "description": "Первыми историю жизни легендарного спринтера ХХ вука и трицмфатора Олимпийских игр в Берлине 1936 года Джесси Оуэна увидела Анна Бессонова, Ириша Блохина и т.д", "description_ru": "Первыми историю жизни легендарного спринтера ХХ вука и трицмфатора Олимпийских игр в Берлине 1936 года Джесси Оуэна увидела Анна Бессонова, Ириша Блохина и т.д", "description_uk": "Першими історію життя легендарного спринтера ХХ вука та трицмфатора Олімпійських ігор у Берліні 1936 року Джессі Оуена побачила Ганна Безсонова, Іріша Блохіна тощо.", "image": "news/Снимок_экрана_от_2022-04-20_15-42-15.png", "link": "https://youtube.com", "type": "news", "gallery": 38, "seo_block": 108}}, {"model": "cms.events", "pk": 19, "fields": {"title": "В день рождения дарим билет", "title_ru": "В день рождения дарим билет", "title_uk": "У день народження даруємо квиток", "date_published": "2022-04-20", "is_published": true, "description": "Каждого посетителя в День рождения в кинотеатре ждет бесплатный билет", "description_ru": "Каждого посетителя в День рождения в кинотеатре ждет бесплатный билет", "description_uk": "Кожного відвідувача на День народження у кінотеатрі чекає безкоштовний квиток", "image": "news/Снимок_экрана_от_2022-04-20_13-10-00.png", "link": "https://youtube.com", "type": "promotions", "gallery": 124, "seo_block": 193}}, {"model": "cms.events", "pk": 20, "fields": {"title": "Ночные цены на все сеансы", "title_ru": "Ночные цены на все сеансы", "title_uk": "Нічні ціни на всі сеанси", "date_published": "2022-04-20", "is_published": true, "description": "Ходите на ночные сеансы по ночным ценам! Каждый день с понедельника по воскресенье, в сети кинотеатров \"Планета кино\" на все сеансы с 23:00 действует единая акционная цена - 55 гривен. Предложение распостраняется на все фильмы, сеанс которых начинается не ранее 23:00.", "description_ru": "Ходите на ночные сеансы по ночным ценам! Каждый день с понедельника по воскресенье, в сети кинотеатров \"Планета кино\" на все сеансы с 23:00 действует единая акционная цена - 55 гривен. Предложение распостраняется на все фильмы, сеанс которых начинается не ранее 23:00.", "description_uk": "Ходіть на нічні сеанси за нічними цінами! Щодня з понеділка по неділю у мережі кінотеатрів \"Планета кіно\" на всі сеанси з 23:00 діє єдина акційна ціна - 55 гривень. Пропозиція розповсюджується на всі фільми, сеанс яких розпочинається не раніше 23:00.", "image": "news/Снимок_экрана_от_2022-04-20_13-08-40.png", "link": "https://youtube.com", "type": "promotions", "gallery": 125, "seo_block": 194}}, {"model": "cms.events", "pk": 21, "fields": {"title": "Школьник, студент, пенсионер", "title_ru": "Школьник, студент, пенсионер", "title_uk": "Школяр, студент, пенсіонер", "date_published": "2022-04-20", "is_published": true, "description": "Для школьников, студентов и пенсионеров в будние дни действует скидка 25% на дневные сеансы", "description_ru": "Для школьников, студентов и пенсионеров в будние дни действует скидка 25% на дневные сеансы", "description_uk": "Для школярів, студентів та пенсіонерів у будні дні діє знижка 25% на денні сеанси", "image": "news/Снимок_экрана_от_2022-04-20_13-13-52.png", "link": "https://youtube.com", "type": "promotions", "gallery": 126, "seo_block": 195}}, {"model": "cms.page", "pk": 2, "fields": {"title": "О кинотеатре", "title_ru": "О кинотеатре", "title_uk": "Про кінотеатр", "active": true, "is_base": true, "creation_date": "2022-01-28", "description": "Технологии\r\nIMAX\r\n\r\nМы первыми завезли в Украину канадскую кинотехнологию IMAX. Экран с пятиэтажный дом, 2 мощные проекторы, громкий звук, четкая картинка. Стандартное оборудование и запатентованная геометрия залов во всех залах IMAX в мире, а, следовательно, изображение и звук каждого фильма специально настраиваются под зал IMAX.\r\n\r\n4DX\r\n\r\nПланета Кино представляет южнокорейскую кинотехнологию 4DX в Украине. Первый зал мы открыли в 2013 году. Ветер, вода, дождь, даже ливень, а еще ароматы и пузырьки — и все это на движущихся креслах.\r\n\r\nCINETECH+\r\n\r\nНаша собственная технология показа фильмов. Проекторы Barco и Christie, реалистичное 3D Leonis с круговой поляризацией, широкие экраны от стены до стены, удобные кресла и увеличенное расстояние между рядами.\r\n\r\nRE'LUX\r\n\r\nПервый в Планете Кино киноресторан, созданный для самых требовательных посетителей. Уединенный лаунж, три кинозала, коктейль-бар, finger food меню, встроенные планшеты для заказа еды и напитков обеспечивают комфортный отдых.\r\n\r\nКлуб Планета Кино\r\n\r\nВ 2011 году запустили бонусную программу лояльности — Клуб Планета Кино. Мы были первыми среди кинотеатров и развлекательных заведений Украины. С того времени к нам присоединилось более 700 тысяч пользователей, которые пользуются преимуществами Клуба: бесплатные билеты в кино и товары в попкорн-баре, билеты в подарок ко дню рождения, промокоды со скидками, участие в акциях, розыгрышах.\r\n\r\nБилеты онлайн\r\n\r\nПервыми среди кинотеатров Украины мы начали продавать билеты онлайн через сайт и первыми в мире разработали процедуру доступа в кинозал без печати билета — его можно показать с экрана смартфона.\r\n\r\nМобильное приложение\r\n\r\nВ 2011 году мы первыми среди кинотеатров стран восточной Европы запустили мобильное приложение. Оно позволяет покупать билеты онлайн, просматривать информацию о фильмах, сеансы, расписание. Не нужно распечатывать билеты — они хранятся в виде штрих-кода на смартфоне. В приложении есть уведомление о начале проката фильмов и продаж билетов.\r\nОнлайн-скидки\r\nМы первыми в стране реализовали возможность покупать билеты льготным категориям зрителей: студентам, школьникам, пенсионерам и другим категориям со скидкой на нашем сайте.\r\nVIP-кресла\r\nРаскладные широкие кресла с индивидуальными подлокотниками и столиком для снеков и напитков. VIP-кресла есть во всех кинотеатрах, кроме Планета Кино Львов (Forum Lviv).\r\nПерсональные 3D-очки\r\nДля просмотра фильмов в 3D-формате для технологий IMAX, 4DX и CINETECH+ нужны персональные 3D-очки. Они новые, в индивидуальной упаковке, их никто не использовал ранее, на них нет чужих микробов и царапин. Для просмотра можно использовать собственные - несколько раз - или покупать новые в кассе, попкорн-баре или Киномаркете.\r\nКиномаркет\r\nВ 2015 году мы открыли первый киномаркет — супермаркет попкорна. Такого в Украине еще не было. Витрины с подогревом для только что расфасованного попкорна, автоматы для самостоятельного разлива Pepsi, снеки, хот-доги, мороженое, шейки, натуральный кофе.\r\nПодарочные сертификаты\r\nИдеальный подарок, когда не знаешь, что подарить. Наши подарочные сертификаты доступны в 3 номиналах: 100, 200 и 500 грн.\r\nСюрпризы\r\nОбычно на премьеры ожидаемых фильмов мы устраиваем ивенты для наших гостей и устанавливаем тематические фотозоны. На страницах в соцсетях постоянно проводим конкурсы и розыгрыши призов: билеты в кино и киносувениры.\r\nFeedback\r\nДелай chek-in в Планете Кино, делись впечатлениями, оценивай, оставляй комментарии. Руководство и владельцы компании постоянно мониторят отзывы и лично отвечают на них.", "description_ru": "Технологии\r\nIMAX\r\n\r\nМы первыми завезли в Украину канадскую кинотехнологию IMAX. Экран с пятиэтажный дом, 2 мощные проекторы, громкий звук, четкая картинка. Стандартное оборудование и запатентованная геометрия залов во всех залах IMAX в мире, а, следовательно, изображение и звук каждого фильма специально настраиваются под зал IMAX.\r\n\r\n4DX\r\n\r\nПланета Кино представляет южнокорейскую кинотехнологию 4DX в Украине. Первый зал мы открыли в 2013 году. Ветер, вода, дождь, даже ливень, а еще ароматы и пузырьки — и все это на движущихся креслах.\r\n\r\nCINETECH+\r\n\r\nНаша собственная технология показа фильмов. Проекторы Barco и Christie, реалистичное 3D Leonis с круговой поляризацией, широкие экраны от стены до стены, удобные кресла и увеличенное расстояние между рядами.\r\n\r\nRE'LUX\r\n\r\nПервый в Планете Кино киноресторан, созданный для самых требовательных посетителей. Уединенный лаунж, три кинозала, коктейль-бар, finger food меню, встроенные планшеты для заказа еды и напитков обеспечивают комфортный отдых.\r\n\r\nКлуб Планета Кино\r\n\r\nВ 2011 году запустили бонусную программу лояльности — Клуб Планета Кино. Мы были первыми среди кинотеатров и развлекательных заведений Украины. С того времени к нам присоединилось более 700 тысяч пользователей, которые пользуются преимуществами Клуба: бесплатные билеты в кино и товары в попкорн-баре, билеты в подарок ко дню рождения, промокоды со скидками, участие в акциях, розыгрышах.\r\n\r\nБилеты онлайн\r\n\r\nПервыми среди кинотеатров Украины мы начали продавать билеты онлайн через сайт и первыми в мире разработали процедуру доступа в кинозал без печати билета — его можно показать с экрана смартфона.\r\n\r\nМобильное приложение\r\n\r\nВ 2011 году мы первыми среди кинотеатров стран восточной Европы запустили мобильное приложение. Оно позволяет покупать билеты онлайн, просматривать информацию о фильмах, сеансы, расписание. Не нужно распечатывать билеты — они хранятся в виде штрих-кода на смартфоне. В приложении есть уведомление о начале проката фильмов и продаж билетов.\r\nОнлайн-скидки\r\nМы первыми в стране реализовали возможность покупать билеты льготным категориям зрителей: студентам, школьникам, пенсионерам и другим категориям со скидкой на нашем сайте.\r\nVIP-кресла\r\nРаскладные широкие кресла с индивидуальными подлокотниками и столиком для снеков и напитков. VIP-кресла есть во всех кинотеатрах, кроме Планета Кино Львов (Forum Lviv).\r\nПерсональные 3D-очки\r\nДля просмотра фильмов в 3D-формате для технологий IMAX, 4DX и CINETECH+ нужны персональные 3D-очки. Они новые, в индивидуальной упаковке, их никто не использовал ранее, на них нет чужих микробов и царапин. Для просмотра можно использовать собственные - несколько раз - или покупать новые в кассе, попкорн-баре или Киномаркете.\r\nКиномаркет\r\nВ 2015 году мы открыли первый киномаркет — супермаркет попкорна. Такого в Украине еще не было. Витрины с подогревом для только что расфасованного попкорна, автоматы для самостоятельного разлива Pepsi, снеки, хот-доги, мороженое, шейки, натуральный кофе.\r\nПодарочные сертификаты\r\nИдеальный подарок, когда не знаешь, что подарить. Наши подарочные сертификаты доступны в 3 номиналах: 100, 200 и 500 грн.\r\nСюрпризы\r\nОбычно на премьеры ожидаемых фильмов мы устраиваем ивенты для наших гостей и устанавливаем тематические фотозоны. На страницах в соцсетях постоянно проводим конкурсы и розыгрыши призов: билеты в кино и киносувениры.\r\nFeedback\r\nДелай chek-in в Планете Кино, делись впечатлениями, оценивай, оставляй комментарии. Руководство и владельцы компании постоянно мониторят отзывы и лично отвечают на них.", "description_uk": "Технології\r\n\r\nIMAX\r\n\r\nМи першими завезли в Україну канадську кінотехнологію IMAX. Екран з пятиэтажным домом, 2 потужні проектори, громкий звук, четка картинка. Стандартне обладнання та запатентована геометрия залів для всіх залах IMAX у світі, а, следовательно, зображення та звук кожного фільму спеціально налаштовуються під зал IMAX.\r\n\r\n4DX\r\n\r\nПланета Кіно представляє южнокорейскую кінотехнологію 4DX в Україні. Перший зал ми відкрили в 2013 році. Ветер, вода, дождь, навіть живий, а ще аромати та бульбашки — і все це на рухомих креслах.\r\n\r\nCINETECH+\r\n\r\nНаша власна технологія показала фільми. Проектори Barco і Christie, реалістичне 3D Leonis з круговою поляризацією, широкі екрани від стени до стени, зручне кресло та збільшення між рядами.\r\n\r\nRE'LUX\r\n\r\nПерший в Планете Кіно кіноресторан, створений для самих вимогливих відвідувачів. Єдиний лаунж, три кінозала, коктейль-бар, меню finger food, вбудовані планшети для замовлення єди та напитків забезпечують комфортний відпочинок.\r\n\r\nКлуб Планета Кіно\r\n\r\nУ 2011 році запустили бонусну програму лояльності — Клуб Планета Кіно. Ми були першими серед кінотеатрів і розважальних заведених України. З того часу до нас приєдналося більше 700 тисяч користувачів, які користуються перевагами Клубу: безкоштовні квитки в кіно та товари в попкорн-баре, квитки в подарунок до дня народження, промокоди зі знижками, участь в акціях, розигришах.\r\n\r\nБилеты онлайн\r\n\r\nПершими серед кінотеатрів України ми почали продавати квитки онлайн через сайт і першими в світі розробили процедуру доступу в кінозал без друку білетів — його можна показати з екрана смартфона.\r\n\r\nМобільне додаток\r\n\r\nУ 2011 році ми першими серед кінотеатрів країни східної Європи запустили мобільне додаток. Оно дозволяє купувати билети онлайн, переглядати інформацію про фільми, сеанси, розклад. Не потрібно розпечатувати билети — вони зберігаються у вигляді штрих-кода на смартфоні. У додатку є повідомлення про початок проката фільмів та продаж білетів.\r\nОнлайн-скидки\r\nМи першими в країні реалізували можливість купувати билети льготними категоріями глядачів: студентам, школярам, ​​пенсіонерам та іншим категоріям зі знижкою на нашому сайті.\r\nVIP-кресла\r\nРозкладні широкі кресла з індивідуальними підлокотниками і столиком для снеків і напитків. VIP-кресло є во всіх кінотеатрах, крім Планета Кіно Львов (Форум Львів).\r\nПерсональные 3D-очки\r\nДля перегляду фільмів у 3D-форматі для технологій IMAX, 4DX та CINETECH+ потрібні персональні 3D-очки. Вони нові, в індивідуальній упаковці, їх ніхто не використовував раніше, на них немає чужих мікробів і царапін. Для перегляду можна використовувати власні - кілька разів - або купувати нові в касі, попкорн-баре чи Кіномаркеті.\r\nКіномаркет\r\nУ 2015 році ми відкрили перший кіномаркет — супермаркет попкорна. Такого в Україні ще не було. Витрини з подогревом для тільки що розфасованого попкорна, автомати для самостійного розливу Pepsi, снеки, хот-доги, морожене, шейки, натуральний кава.\r\nПодарочные сертификаты\r\nІдеальний подарок, коли не знаєш, що подарувати. Наші подарочные сертифікати доступні в 3 номіналах: 100, 200 і 500 грн.\r\nСюрпризи\r\nЗазвичай на прем’єрах очікуються фільми ми влаштовуємо івенти для наших гостей і устанавливаємо тематичні фотозони. На сторінках у соцсетях постійно проводимо конкурси та розигриши приз: білети в кіно та кіносувенири.\r\nЗворотній зв'язок\r\nДелай реєстрацію в Планете Кіно, делись впечатлениями, оцінювай, залишай коментарі. Руководство і власники компанії постійно моніторять відгуки і особисто відзначають на них.", "image": "pages/logo_planeta.jpg", "gallery": 4, "seo_block": 54}}, {"model": "cms.page", "pk": 3, "fields": {"title": "Кафе-Бар", "title_ru": "Кафе-Бар", "title_uk": "Кафе-Бар", "active": true, "is_base": true, "creation_date": "2022-01-28", "description": "Самые вкусные премьеры теперь еще вкуснее – покупай билеты на сайте, выбирай любимый попкорн или напиток и забери на баре перед сеансом. Мы приготовим все именно к твоему приходу!\r\nОнлайн-бар работает в тестовом режиме Просим гостей в случае возникновения проблем и багов сообщать об этом, чтобы мы смогли оперативно устранять все недостатки.", "description_ru": "Самые вкусные премьеры теперь еще вкуснее – покупай билеты на сайте, выбирай любимый попкорн или напиток и забери на баре перед сеансом. Мы приготовим все именно к твоему приходу!\r\nОнлайн-бар работает в тестовом режиме Просим гостей в случае возникновения проблем и багов сообщать об этом, чтобы мы смогли оперативно устранять все недостатки.", "description_uk": "Найсмачніші прем'єри тепер ще смачніші - купуй квитки на сайті, обирай улюблений попкорн чи напій та забери на барі перед сеансом. Ми приготуємо все саме до твого приходу!\r\nОнлайн-бар працює в тестовому режимі Просимо гостей в разі виникнення проблем та багів, повідомляти про це, щоб ми змогли оперативно усувати всі недоліки.", "image": "pages/Снимок_экрана_от_2022-04-22_14-25-28_cN6XPWd.png", "gallery": 6, "seo_block": 51}}, {"model": "cms.page", "pk": 4, "fields": {"title": "Vip-Зал", "title_ru": "Vip-Зал", "title_uk": "Vip-Зала", "active": true, "is_base": true, "creation_date": "2022-01-28", "description": "Cinema предлагает уникальную услугу - просмотр шедевров кино на Ваш выбор в уютном зале для компании до семи человек. Вы посмотрите любимый фильм на мягких кожаных креслах, наслаждаясь авторскими напитками нашего бара и кухней из ресторана Panorama с приятной скидкой -30%.\r\nЕсли Вы желаете красиво удивить свою половинку - наш совет: создайте романтику с помощью бокала хорошего вина и душевного фильма из нашей фильмотеки.\r\nВ случае, если фильм, который хотите посмотреть, отсутствует в нашем каталоге - позвоните нам за сутки и мы организуем его показ.", "description_ru": "Cinema предлагает уникальную услугу - просмотр шедевров кино на Ваш выбор в уютном зале для компании до семи человек. Вы посмотрите любимый фильм на мягких кожаных креслах, наслаждаясь авторскими напитками нашего бара и кухней из ресторана Panorama с приятной скидкой -30%.\r\nЕсли Вы желаете красиво удивить свою половинку - наш совет: создайте романтику с помощью бокала хорошего вина и душевного фильма из нашей фильмотеки.\r\nВ случае, если фильм, который хотите посмотреть, отсутствует в нашем каталоге - позвоните нам за сутки и мы организуем его показ.", "description_uk": "Cinema пропонує унікальну послугу – перегляд шедеврів кіно на Ваш вибір у затишному залі для компанії до семи осіб. Ви подивіться улюблений фільм на м'яких шкіряних кріслах, насолоджуючись авторськими напоями нашого бару та кухнею з ресторану Panorama із приємною знижкою -30%.\r\nЯкщо Ви бажаєте красиво здивувати свою половинку - наша порада: створіть романтику за допомогою келиха гарного вина та душевного фільму з нашої фільмотеки.\r\nЯкщо фільм, який хочете подивитися, відсутній у нашому каталозі - зателефонуйте нам за добу і ми організуємо його показ.", "image": "pages/Снимок_экрана_от_2022-04-22_14-39-52.png", "gallery": 5, "seo_block": 53}}, {"model": "cms.page", "pk": 5, "fields": {"title": "Реклама", "title_ru": "Реклама", "title_uk": "Реклама", "active": true, "is_base": true, "creation_date": "2022-01-28", "description": "Мы всегда заинтересованы в плодотворном сотрудничестве. Ты можешь оставить свой запрос, воспользовавшись формой обратной связи, или отправив предложение на наш электронный адрес info@planetakino.ua. Обязательно укажи в теме «Для отдела маркетинга». В обращении отметь вид рекламы и кинотеатр, который тебя интересует, а также укажи свои контактные данные.\r\nМы будем рады обсудить все вопросы и возможности.", "description_ru": "Мы всегда заинтересованы в плодотворном сотрудничестве. Ты можешь оставить свой запрос, воспользовавшись формой обратной связи, или отправив предложение на наш электронный адрес info@planetakino.ua. Обязательно укажи в теме «Для отдела маркетинга». В обращении отметь вид рекламы и кинотеатр, который тебя интересует, а также укажи свои контактные данные.\r\nМы будем рады обсудить все вопросы и возможности.", "description_uk": "Мы всегда заинтересованы в плодотворном строении. Ты можешь оставить свой запрос, воспользовавшись обнаружением обратной связи, или отправить предложение на наш электронный адрес info@planetakino.ua. Обязательно укажи в теме «Для отдела маркетинга». В местоположении отметьте свой вид рекламы и кинотеатр, который вас интересует, а также укажите контактные данные.\r\nМы будем рады ответить на все вопросы и возможности.", "image": "pages/Снимок_экрана_от_2022-04-22_14-57-35.png", "gallery": 7, "seo_block": 52}}, {"model": "cms.page", "pk": 6, "fields": {"title": "Детская комната", "title_ru": "Детская комната", "title_uk": "Дитяча кімната", "active": true, "is_base": true, "creation_date": "2022-01-28", "description": "Мы подготовили приятный сюрприз для всех родителей! В кинотеатрах Multiplex, которые находятся в г. Львов в СТРЦ Spartak и г. Одесса в ТРЦ Rivera открывается детская комната Luke&Lea. Теперь, вы можете спокойно оставить свое чадо на наших профессиональных сотрудников, а не ловить его по всему залу, и спокойно уйти, что бы насладится просмотром желаемого фильма.\r\nLuke & Lea предназначена для детей от 2 до 7 лет и ростом не выше 120 см.\r\nМаксимально в комнате может находиться не более 15 детей.\r\nВ комнате присутствуют няни/наблюдатели за детьми.\r\nДетская комната обеспечена полным комплектом развивающих и развлекательных игрушек и книг.\r\n Комната Luke & Lea работает с 12:00 до 21:00. Стоимость пребывания в детской комнате 100 грн/сеанс (для посетителей кинотеатра) и 100 грн/час (для посетителей ТРЦ). Однако, срок нахождения ребенка в детской комнате не может превышать 4 часов.", "description_ru": "Мы подготовили приятный сюрприз для всех родителей! В кинотеатрах Multiplex, которые находятся в г. Львов в СТРЦ Spartak и г. Одесса в ТРЦ Rivera открывается детская комната Luke&Lea. Теперь, вы можете спокойно оставить свое чадо на наших профессиональных сотрудников, а не ловить его по всему залу, и спокойно уйти, что бы насладится просмотром желаемого фильма.\r\nLuke & Lea предназначена для детей от 2 до 7 лет и ростом не выше 120 см.\r\nМаксимально в комнате может находиться не более 15 детей.\r\nВ комнате присутствуют няни/наблюдатели за детьми.\r\nДетская комната обеспечена полным комплектом развивающих и развлекательных игрушек и книг.\r\n Комната Luke & Lea работает с 12:00 до 21:00. Стоимость пребывания в детской комнате 100 грн/сеанс (для посетителей кинотеатра) и 100 грн/час (для посетителей ТРЦ). Однако, срок нахождения ребенка в детской комнате не может превышать 4 часов.", "description_uk": "Ми підготували сюрприз для всіх батьків! У кінотеатрах Multiplex, що знаходяться у м. Львів у СТРЦ Spartak та м. Одеса у ТРЦ Rivera відкривається дитяча кімната Luke&Lea. Тепер, ви можете спокійно залишити своє чадо на наших професійних співробітників, а не ловити його по всьому залу, і спокійно піти, щоб насолодитися переглядом бажаного фільму.\r\nLuke & Lea призначена для дітей віком від 2 до 7 років і зростом не вище 120 см.\r\nМаксимально у кімнаті може бути не більше 15 дітей.\r\nУ кімнаті є няні/спостерігачі за дітьми.\r\nДитяча кімната забезпечена повним комплектом розвиваючих та розважальних іграшок та книг.\r\n Кімната Luke & Lea працює з 12:00 до 21:00. Вартість перебування у дитячій кімнаті 100 грн/сеанс (для відвідувачів кінотеатру) та 100 грн/година (для відвідувачів ТРЦ). Однак термін перебування дитини в дитячій кімнаті не може перевищувати 4 годин.", "image": "pages/Снимок_экрана_от_2022-04-22_13-14-02.png", "gallery": 8, "seo_block": 50}}, {"model": "cms.page", "pk": 10, "fields": {"title": "Новая страница", "title_ru": "Новая страница", "title_uk": "Нова сторінка", "active": true, "is_base": false, "creation_date": "2022-03-03", "description": "Новая страница", "description_ru": "Новая страница", "description_uk": "Нова сторінка", "image": "pages/imgonline-com-ua-Resize-QbkgKbuBPoRKmiN.jpg", "gallery": 105, "seo_block": 174}}, {"model": "cms.homepage", "pk": 12, "fields": {"phone_number1": "777-77-77", "phone_number2": "666-66-66", "active": true, "creation_date": "2022-01-26", "seo_text": "Кинотеатр – это что-то! Нигде в Украине ты не встретишь такого количества сверхсовременных кинотехнологий, собранных в одном месте. Канадская технология IMAX, особенностью которой является экран размером пятиэтажный дом и сверхчеткий звук. Залы 4DX от южнокорейской компании для любителей смотреть фильмы экстремально: подвижные кресла, брызги воды, вспышки света, запахи – все эти спецэффекты гармонично вписываются в сюжет картины. Авторская технология CINETECH+ с широкими проходами и креслами и экранами от стены к стене идеально подходит для просмотра кино с друзьями. Киноресторан RE'LUX, в котором можно смотреть кино и есть блюда от шеф-повара одновременно. Кроме того, сеть открыла первый в городе Киев киномаркет, где ты покупаешь попкорн, снеки и напитков как в супермаркете. Также в кинотеатре есть бар, где можно выпить кофе или коктейль, подкрепиться десертом, пиццей или роллы. Для просмотра кинотеатр предлагает как последние новинки, так и дополнительный контент: трансляции матчей, концертов, артхаус, документальное и фестивальное кино, сеансы для мам с маленькими детьми и фильмы в оригинальной озвучке. Планета Кино находится в РЦ Блокбастер. Купить билеты можно на сайте, в мобильном приложении и в кассах кинотеатра.", "seo_text_ru": "Кинотеатр – это что-то! Нигде в Украине ты не встретишь такого количества сверхсовременных кинотехнологий, собранных в одном месте. Канадская технология IMAX, особенностью которой является экран размером пятиэтажный дом и сверхчеткий звук. Залы 4DX от южнокорейской компании для любителей смотреть фильмы экстремально: подвижные кресла, брызги воды, вспышки света, запахи – все эти спецэффекты гармонично вписываются в сюжет картины. Авторская технология CINETECH+ с широкими проходами и креслами и экранами от стены к стене идеально подходит для просмотра кино с друзьями. Киноресторан RE'LUX, в котором можно смотреть кино и есть блюда от шеф-повара одновременно. Кроме того, сеть открыла первый в городе Киев киномаркет, где ты покупаешь попкорн, снеки и напитков как в супермаркете. Также в кинотеатре есть бар, где можно выпить кофе или коктейль, подкрепиться десертом, пиццей или роллы. Для просмотра кинотеатр предлагает как последние новинки, так и дополнительный контент: трансляции матчей, концертов, артхаус, документальное и фестивальное кино, сеансы для мам с маленькими детьми и фильмы в оригинальной озвучке. Планета Кино находится в РЦ Блокбастер. Купить билеты можно на сайте, в мобильном приложении и в кассах кинотеатра.", "seo_text_uk": "Кінотеатр – це щось! Ніде в Україні ти не зустрінеш такої кількості надсучасних кінотехнологій, зібраних в одному місці. Канадська технологія IMAX, особливістю якої є екран розміром п'ятиповерховий будинок та надчіткий звук. Зали 4DX від південнокорейської компанії для любителів дивитись фільми екстремально: рухливі крісла, бризки води, спалахи світла, запахи – всі ці спецефекти гармонійно вписуються у сюжет картини. Авторська технологія CINETECH+ з широкими проходами та кріслами та екранами від стіни до стіни ідеально підходить для перегляду кіно з друзями. Кіноресторан RE'LUX, в якому можна дивитися кіно та є страви від шеф-кухаря одночасно. Крім того, мережа відкрила перший у місті Київ кіномаркет, де ти купуєш попкорн, снеки та напої як у супермаркеті. Також у кінотеатрі є бар, де можна випити кави чи коктейль, підкріпитись десертом, піцою або роли. Для перегляду кінотеатр пропонує як останні новинки, так і додатковий контент: трансляції матчів, концертів, артхаус, документальне та фестивальне кіно, сеанси для мам із маленькими дітьми та фільми в оригінальному озвученні. Планета Кіно знаходиться у РЦ Блокбастер. Купити квитки можна на сайті, в мобільному додатку та в касах кінотеатру.", "seo_block": 49}}, {"model": "cms.contactspage", "pk": 1, "fields": {"title": "Планета Кино(APPOLO)", "title_ru": "Планета Кино(APPOLO)", "title_uk": "Планета Кіно(APPOLO)", "active": true, "creation_date": "2022-01-28", "address": "Днепр, улица Титова, 36, ТРЦ \"АППОЛО\"\r\n0 800 300 600\r\nПн-Чт - с 9:00 до 21:00; Пт-Вс - с 9:00 до 22:00\r\nБесплатно по Украине с любого номера\r\ninfo@planetakino.ua", "address_ru": "Днепр, улица Титова, 36, ТРЦ \"АППОЛО\"\r\n0 800 300 600\r\nПн-Чт - с 9:00 до 21:00; Пт-Вс - с 9:00 до 22:00\r\nБесплатно по Украине с любого номера\r\ninfo@planetakino.ua", "address_uk": "Дніпро, вулиця Титова, 36, ТРЦ \"АППОЛО\"\r\n0 800 300 600\r\nПн-Чт – з 9:00 до 21:00; Пт-Нд - з 9:00 до 22:00\r\nБезкоштовно по Україні з будь-якого номера\r\ninfo@planetakino.ua", "coordinates": "48.43292381320305, 35.00230244064819", "logo": "pages/contacts/appolo_dnipro.jpg", "seo_block": 55}}, {"model": "cms.contactspage", "pk": 3, "fields": {"title": "Планета Кино(Котовского)", "title_ru": "Планета Кино(Котовского)", "title_uk": "Планета Кіно(Котовського)", "active": true, "creation_date": "2022-02-20", "address": "ул. Давида Ойстраха, 32, ТРЦ «City Center Котовский»\r\n0 800 300 600\r\nПн-Чт - с 9:00 до 21:00; Пт-Вс - с 9:00 до 22:00\r\nБесплатно по Украине с любого номера\r\ninfo@planetakino.ua", "address_ru": "ул. Давида Ойстраха, 32, ТРЦ «City Center Котовский»\r\n0 800 300 600\r\nПн-Чт - с 9:00 до 21:00; Пт-Вс - с 9:00 до 22:00\r\nБесплатно по Украине с любого номера\r\ninfo@planetakino.ua", "address_uk": "вул. Давида Ойстраха, 32, ТРЦ «City Center Котовський»\r\n0 800 300 600\r\nПн-Чт – з 9:00 до 21:00; Пт-Нд - з 9:00 до 22:00\r\nБезкоштовно по Україні з будь-якого номера\r\ninfo@planetakino.ua", "coordinates": "46.58435645487774, 30.79384881176335", "logo": "pages/contacts/imax-odessa1.jpg", "seo_block": 55}}, {"model": "cms.contactspage", "pk": 15, "fields": {"title": "Киев (River Mall)", "title_ru": "Киев (River Mall)", "title_uk": "Київ (River Mall)", "active": false, "creation_date": "2022-03-16", "address": "Киев, улица Днепровская набережная, 10, ТРЦ «River Mall»\r\n0 800 300 600\r\nПн-Чт - с 9:00 до 21:00; Пт-Вс - с 9:00 до 22:00\r\nБесплатно по Украине с любого номера\r\ninfo@planetakino.ua", "address_ru": "Киев, улица Днепровская набережная, 10, ТРЦ «River Mall»\r\n0 800 300 600\r\nПн-Чт - с 9:00 до 21:00; Пт-Вс - с 9:00 до 22:00\r\nБесплатно по Украине с любого номера\r\ninfo@planetakino.ua", "address_uk": "Київ, вулиця Дніпровська набережна, 10, ТРЦ \"River Mall\"\r\n0 800 300 600\r\nПн-Чт – з 9:00 до 21:00; Пт-Нд - з 9:00 до 22:00\r\nБезкоштовно по Україні з будь-якого номера\r\ninfo@planetakino.ua", "coordinates": "50.405299331095826, 30.61222824071831", "logo": "pages/contacts/rvmall.jpg", "seo_block": 55}}]